Source_Name,RAJ2000,DEJ2000,CLASS1,Estimated_Redshift,Comoving_Distance_Gpc,Lookback_Time_Gyr
4FGL J0001.4-0010,0.3717,-0.1699,bll,0.49911776,1.9434516264076644,5.189790587842402
4FGL J0001.8-2153,0.4647,-21.8865,bcu,0.4823379,1.8867567306316653,5.065745324227625
4FGL J0002.3-0815,0.5937,-8.2652,bcu,0.5045973,1.961841571217968,5.229727867886846
4FGL J0002.4-5156,0.6131,-51.9355,bcu,0.47600645,1.8652148995836078,5.018245607920497
4FGL J0003.3-0703,0.8297,-7.0655,bcu,0.44498637,1.7584804778903753,4.779870705555555
4FGL J0003.5+0717,0.8796,7.295,bcu,0.9455666,3.258162528901432,7.708231131906162
4FGL J0004.3+4614,1.0757,46.2427,fsrq,1.2146236,3.897167463896732,8.713270661793684
4FGL J0006.4-5621,1.6103,-56.3635,bll,0.6009557,2.2754474037845114,5.888859067043739
4FGL J0007.5-5247,1.8893,-52.7863,bcu,1.4937071,4.465345272645415,9.502558852810074
4FGL J0008.4+6837,2.1142,68.6216,bcu,1.1575953,3.769869248963529,8.523324111921458
4FGL J0009.8+1340,2.4653,13.6712,bcu,0.6633837,2.4690308365716582,6.27579079154425
4FGL J0009.8-6358,2.4743,-63.9696,bcu,0.9492992,3.267731136087317,7.72425666129828
4FGL J0011.4-4110,2.8502,-41.1742,bcu,0.5362185,2.0667831597560116,5.4548630957997375
4FGL J0012.0+7043,3.0032,70.7326,bcu,1.2138797,3.8955332076824467,8.710863423671611
4FGL J0013.0+3355,3.2636,33.9201,fsrq,1.0697931,3.565591081431829,8.208009539633768
4FGL J0013.4+0950,3.3544,9.837,bcu,0.7538582,2.7368449743033034,6.787261303158558
4FGL J0014.7+5801,3.6867,58.0272,bll,0.38550222,1.5481877611542136,4.2950998572616
4FGL J0014.8+6118,3.7212,61.3037,bcu,0.4981355,1.9401486144187614,5.182602016134406
4FGL J0015.6+5551,3.9071,55.8636,bll,0.34985244,1.4185610356625336,3.9859413906732875
4FGL J0018.8+2611,4.719,26.1896,fsrq,1.9376559,5.215248042894191,10.40794087180033
4FGL J0020.3+6919,5.0918,69.3322,bcu,1.0884188,3.6097926082539242,8.277350990778459
4FGL J0021.5-2221,5.3834,-22.3583,bcu,1.2957842,4.071443994739863,8.965377601162475
4FGL J0024.5-0810,6.1376,-8.1809,bcu,1.3830683,4.250354578193068,9.21487578381338
4FGL J0028.5+2001,7.1262,20.017,fsrq,1.0838851,3.5990773104468587,8.260598300479078
4FGL J0028.8-0112,7.2174,-1.2022,bll,0.5173437,2.0043849814052326,5.321562632687523
4FGL J0030.2+0001,7.5526,0.0329,bll,0.4075516,1.6270074794338325,4.479188897349251
4FGL J0032.5-4724,8.1497,-47.4039,bcu,0.3369132,1.3708383430365718,3.870075123607664
4FGL J0033.3-2040,8.3457,-20.6674,bll,0.33503425,1.3638783798406446,3.853083494147975
4FGL J0035.8-0837,8.9577,-8.6324,bll,0.8603147,3.0337269888501384,7.323420201356383
4FGL J0035.8+6131,8.9684,61.5234,bcu,1.3683692,4.2208184834394045,9.174326135483017
4FGL J0035.9+5950,8.9823,59.8334,bll,0.4494259,1.773878188197454,4.8145725261901475
4FGL J0036.8+1431,9.2162,14.53,bcu,0.5625082,2.1525125547870823,5.635340391863655
4FGL J0041.3+6052,10.343,60.8783,bcu,1.4437561,4.369851625187895,9.376387523796966
4FGL J0041.9-4702,10.4839,-47.0458,bll,0.525288,2.03073500768225,5.378054955713555
4FGL J0044.8+6802,11.2189,68.0382,bcu,1.0803714,3.5907534100926477,8.24755926405766
4FGL J0044.9+4553,11.2311,45.8926,bcu,0.6921235,2.5557061805257524,6.4442965462922
4FGL J0047.0+5657,11.7535,56.9601,bll,0.69428694,2.56216965873284,6.456746928542926
4FGL J0047.9+5448,11.9872,54.8017,bcu,0.41358197,1.6483851990885616,4.528619375981723
4FGL J0049.2+6227,12.3112,62.4626,bcu,0.8222616,2.929788981239251,7.139295912352212
4FGL J0050.8-3428,12.7183,-34.4675,bcu,0.3050279,1.2516951750288936,3.5758775362243758
4FGL J0056.5-3936,14.1458,-39.6109,bll,1.3177423,4.117261018234239,9.03016002169251
4FGL J0057.0+4101,14.2534,41.0179,bcu,0.57853615,2.204111114825629,5.7424989230978465
4FGL J0057.3+2216,14.3415,22.273,bcu,0.6805773,2.521066549247286,6.377299639216246
4FGL J0058.3+1723,14.577,17.3884,bll,0.514709,1.9956180668813548,5.3027015722266055
4FGL J0059.5-3338,14.8869,-33.6407,fsrq,0.8123341,2.9022790711225017,7.089922721247446
4FGL J0101.3-8019,15.3324,-80.3235,fsrq,1.1448048,3.7407478115874793,8.479171059513288
4FGL J0102.1+5846,15.5371,58.7781,bcu,0.68965334,2.548315935271211,6.430041457287231
4FGL J0102.8+5824,15.701,58.4092,fsrq,0.6418955,2.4032269926970686,6.1459200677297074
4FGL J0103.5+5337,15.8787,53.6262,bll,0.23528282,0.9833725206706468,2.8865681194211703
4FGL J0105.5+1912,16.3962,19.2052,bll,0.95613784,3.2852073441388003,7.753446681360454
4FGL J0105.9+3403,16.4847,34.0644,bll,1.4007367,4.285547711000185,9.262865132523059
4FGL J0107.4+0334,16.8508,3.5691,bll,0.5391853,2.0765263496396487,5.475529035178899
4FGL J0107.6+4950,16.9067,49.8415,bcu,0.8326499,2.9584000877521985,7.1903600634685
4FGL J0109.7+6133,17.445,61.5615,fsrq,1.637017,4.72588250975746,9.834002611314794
4FGL J0110.1+6805,17.5454,68.0973,bll,0.20731696,0.8727928784376535,2.5912360790391715
4FGL J0110.2+4151,17.5581,41.8591,bll,0.26907152,1.1146907141559161,3.2286498876760037
4FGL J0110.3-0431,17.5797,-4.5267,bcu,0.73714,2.6884601389320926,6.696850078754005
4FGL J0111.4-7304,17.8557,-73.0719,bcu,0.60838693,2.298878705747775,5.936484368890094
4FGL J0112.6-3158,18.1611,-31.9743,bll,0.44759348,1.7675277323777225,4.800273400700743
4FGL J0112.8-0253,18.2061,-2.8965,bcu,0.7719203,2.788570830438847,6.8829622847022165
4FGL J0114.0+6418,18.5151,64.304,bcu,0.549075,2.1088784944471812,5.543864778939791
4FGL J0115.6-5653,18.9053,-56.8954,bcu,0.834263,2.962826798479221,7.1982348080901275
4FGL J0118.7-0848,19.6884,-8.808,bcu,1.2115356,3.8903790319095903,8.70326609081441
4FGL J0121.8+1147,20.4673,11.7961,fsrq,0.32993641,1.3449567013968742,3.80676824155901
4FGL J0122.1-3004,20.5293,-30.0697,bcu,0.47182804,1.8509534284280944,4.986687013520902
4FGL J0123.7+4209,20.9338,42.1646,bll,0.3169834,1.2966262580166228,3.6876599506462573
4FGL J0125.3-5112,21.3296,-51.2115,fsrq,1.0464252,3.5094557146874057,8.119047591630016
4FGL J0125.4+3200,21.3656,32.0086,bcu,1.4092265,4.302339397877103,9.285637567940032
4FGL J0125.8+2605,21.4745,26.0884,bcu,0.865606,3.047992309366548,7.348395139176361
4FGL J0126.5-1553,21.6487,-15.8849,bcu,1.2514675,3.977261063538289,8.830260540087725
4FGL J0127.3-0148,21.8421,-1.8001,bll,0.4628278,1.8201123935248413,4.918133424037203
4FGL J0128.2-1722,22.0504,-17.3752,bcu,0.9864066,3.3617166267939087,7.880040315887732
4FGL J0128.3+5710,22.0835,57.17,bcu,0.549731,2.1110176063097628,5.548367706821399
4FGL J0129.0+6312,22.27,63.2118,bcu,1.741671,4.904478580437289,10.050663274944668
4FGL J0131.1+6120,22.7924,61.3372,bll,0.25848803,1.073827153322638,3.123188122349
4FGL J0131.2+5547,22.8214,55.7849,bcu,0.38333595,1.5403883717818392,4.276725207871177
4FGL J0133.7-5527,23.445,-55.4502,bcu,0.50205904,1.9533304569752428,5.211262468876499
4FGL J0135.0+5338,23.7639,53.6351,bcu,1.7573843,4.9304992685553515,10.081529914173954
4FGL J0135.3-2728,23.8278,-27.4694,bcu,0.76477444,2.7681743414031184,6.845342618756949
4FGL J0136.8+2032,24.2019,20.5381,bcu,0.76499045,2.768792195904421,6.8464844352399234
4FGL J0137.5+0847,24.3853,8.7989,fsrq,1.248201,3.970226689966231,8.820062870134636
4FGL J0137.9+5814,24.4957,58.2494,bll,0.07971059,0.3465226838554977,1.087689313934728
4FGL J0138.6+2923,24.6637,29.3855,bcu,1.5075966,4.491453919731824,9.536612183453766
4FGL J0143.3-0119,25.8474,-1.3274,bcu,1.2141407,3.896106670295102,8.711708218736181
4FGL J0145.9+2319,26.4827,23.3329,bcu,0.6879873,2.5433251854476935,6.420402982826947
4FGL J0147.6+1547,26.9015,15.7955,bcu,0.4349807,1.7236272033447337,4.700927421547531
4FGL J0147.6-6028,26.9157,-60.4752,bcu,0.34115085,1.386507405968708,3.908241293701577
4FGL J0147.6-0825,26.9177,-8.4245,bcu,0.952728,3.276502313872128,7.738919691642882
4FGL J0148.2+5201,27.0594,52.0243,bll,0.460487,1.8120638257947086,4.9001737246558354
4FGL J0149.8+2650,27.465,26.8496,bll,0.8483567,3.001320877720045,7.266421151824302
4FGL J0150.5-3337,27.6429,-33.6203,bcu,0.6015742,2.2774016335692653,5.892839573352017
4FGL J0151.7+5455,27.9312,54.9172,bcu,0.8785488,3.0826959046312647,7.408856819801518
4FGL J0152.6-1404,28.166,-14.0695,fsrq,1.1956842,3.855345860852848,8.651412980628471
4FGL J0153.5-5107,28.396,-51.1293,fsrq,0.6961572,2.5677503809376034,6.467484097121775
4FGL J0154.5-6604,28.6461,-66.0793,bcu,1.438124,4.358924675249126,9.361787009328905
4FGL J0155.4-0625,28.8536,-6.4224,bcu,0.8029143,2.8760232298369384,7.042548103142223
4FGL J0156.1+1502,29.0316,15.0405,bcu,0.43128905,1.7107151347324556,4.671541786437611
4FGL J0156.6-1758,29.1655,-17.9732,bcu,0.6139874,2.3164675447993264,5.9720899372599465
4FGL J0156.9-3235,29.2453,-32.5984,bcu,0.3058978,1.2549748907816705,3.584071567017449
4FGL J0158.2+2515,29.5735,25.2663,bll,0.7004517,2.5805408540648225,6.492048002046611
4FGL J0158.5-5005,29.6263,-50.088,bcu,1.635621,4.723436038145384,9.830975920073007
4FGL J0158.9+7037,29.7382,70.6328,bcu,1.1850182,3.8315957577190005,8.616047501864337
4FGL J0202.1+3939,30.5335,39.6635,fsrq,1.5067903,4.489943488237704,9.534647289700782
4FGL J0202.3-0605,30.5758,-6.0977,bcu,0.65183675,2.4337773981145308,6.206424501125316
4FGL J0203.9+5411,30.9799,54.1873,bcu,0.72822124,2.662446404080138,6.647882116157554
4FGL J0204.1-2919,31.0473,-29.3217,bcu,0.5060952,1.9668581018548055,5.240596953448021
4FGL J0205.2-3050,31.3011,-30.8365,bcu,1.7767951,4.962366380704134,10.119091986661186
4FGL J0206.4+3829,31.6172,38.4948,bcu,0.3810723,1.5322277093818606,4.257468622534832
4FGL J0209.7+6437,32.4275,64.6314,bcu,1.380325,4.244860083104142,9.20735146257319
4FGL J0213.2-0503,33.3031,-5.0625,bll,1.129019,3.7045119657661307,8.423863811287006
4FGL J0214.1-4733,33.5464,-47.5577,bll,0.3950568,1.5824688966875857,4.375523190232924
4FGL J0214.3+5145,33.5946,51.757,bll,0.22685425,0.9502256682060027,2.7987490562997914
4FGL J0214.6-4333,33.6682,-43.5527,bcu,0.8399075,2.9782827927469113,7.225675447846141
4FGL J0215.2-1619,33.8031,-16.3277,bll,0.49690613,1.9360118927679297,5.173592336402196
4FGL J0215.9+0521,33.986,5.3519,bcu,0.5108629,1.9827951257048022,5.27505530568034
4FGL J0218.7+2640,34.6851,26.6812,bcu,0.31957978,1.3063430010994639,3.7117001826967355
4FGL J0218.9-2305,34.731,-23.0986,bcu,1.4932466,4.4644763818210444,9.501422310131641
4FGL J0221.2-1312,35.313,-13.2046,bcu,0.7374771,2.689440612284471,6.698690785973925
4FGL J0221.8+3730,35.469,37.511,bcu,0.7296438,2.6666050989761816,6.655727332813093
4FGL J0223.0+6821,35.7648,68.3646,bll,0.5675466,2.168786813245666,5.669256489008427
4FGL J0223.2-1653,35.8128,-16.8868,fsrq,1.338331,4.159721244454023,9.089647397277709
4FGL J0223.5+5415,35.8799,54.25,bcu,0.42031956,1.6721794679835824,4.583389659495733
4FGL J0225.5-5618,36.3842,-56.3049,bcu,0.50134027,1.950917955804247,5.206022721572841
4FGL J0227.0-1739,36.7591,-17.6637,bcu,1.0256646,3.458938633047192,8.038122162161857
4FGL J0227.3-6119,36.826,-61.3177,bcu,0.6376,2.3899691705979733,6.119549376415487
4FGL J0228.5-2234,37.1313,-22.582,bcu,0.6662751,2.4778196871583735,6.293009018965711
4FGL J0228.7+6718,37.1976,67.3064,fsrq,1.2096028,3.886124096248395,8.696988184648117
4FGL J0230.0-5236,37.5205,-52.6054,bcu,1.2304941,3.9318706659436207,8.764197451961293
4FGL J0240.6+3528,40.1581,35.476,bcu,0.5400633,2.0794064062846203,5.481630191754381
4FGL J0241.3+6543,40.3386,65.7288,bll,0.33373103,1.3590465490121912,3.841273293564907
4FGL J0242.3+5216,40.5974,52.2798,bcu,1.4183512,4.320301582394374,9.30990852709426
4FGL J0242.9+0045,40.7476,0.7526,bll,0.63914233,2.3947334783810925,6.1290338548495535
4FGL J0243.7+0321,40.9314,3.36,bcu,1.6108562,4.679745912141364,9.776653524380919
4FGL J0245.5-4502,41.3934,-45.0475,fsrq,1.5781547,4.6211994663448435,9.703052267813838
4FGL J0248.6+5131,42.1587,51.5333,bcu,0.8685071,3.0557944671055637,7.362024745583966
4FGL J0248.6-3511,42.1656,-35.1997,bcu,1.0021045,3.4008613656000244,7.944061446301113
4FGL J0249.7+4500,42.4447,45.0108,bcu,0.6435493,2.4083221132071735,6.156036240312516
4FGL J0250.3-3422,42.5813,-34.3746,bcu,1.1445297,3.740119124625467,8.478214965914745
4FGL J0250.7+5630,42.6982,56.5137,bcu,0.3612246,1.4602068701661317,4.086146565766715
4FGL J0253.9+5103,43.4933,51.0633,fsrq,1.25302,3.9805998620179794,8.835095587428286
4FGL J0254.5-7511,43.6356,-75.1938,bcu,0.708153,2.6033944038623957,6.535783533198038
4FGL J0254.8+3933,43.7227,39.5638,fsrq,1.2306113,3.9321257926718296,8.764570503938836
4FGL J0259.3+5453,44.8486,54.891,bcu,0.7017131,2.5842913846824342,6.499239068127918
4FGL J0259.4+0308,44.8544,3.1487,bcu,0.43627325,1.7281413514448714,4.711182999098406
4FGL J0300.2-0514,45.0748,-5.2474,bcu,0.45627794,1.7975629754115028,4.867743610546038
4FGL J0301.5-7156,45.4,-71.9408,fsrq,0.53579754,2.0653992755452393,5.451924552114133
4FGL J0303.6+4716,45.9098,47.2759,bll,0.7934356,2.8494519986089073,6.994352467888809
4FGL J0304.5+3349,46.1379,33.8261,bcu,1.8753698,5.119635319132079,10.300638625028968
4FGL J0304.5+6821,46.1411,68.3539,bcu,1.9635311,5.254150241503208,10.450943724709198
4FGL J0307.4+4915,46.8647,49.257,bll,0.92652327,3.2090132527483215,7.62543022465033
4FGL J0311.2+6856,47.8043,68.9385,bcu,1.1105697,3.661744419603466,8.358059771446104
4FGL J0311.6+4134,47.9028,41.581,bcu,0.470278,1.8456538109440495,4.9749368976527375
4FGL J0313.0+0229,48.273,2.4911,bcu,1.4202398,4.3240083593256955,9.314905804516478
4FGL J0316.6-2216,49.1542,-22.2736,bll,0.2355144,0.9842810526401349,2.8889667257922307
4FGL J0317.9+2010,49.4767,20.1801,bcu,0.3585186,1.450322416721391,4.062439331614688
4FGL J0320.6+1125,50.1609,11.4328,bcu,0.22755688,0.9529948350070978,2.806108715352936
4FGL J0321.3+0425,50.326,4.4275,bcu,1.0725269,3.572108690043257,8.218273161446644
4FGL J0321.3-1612,50.3271,-16.2096,bll,0.42607912,1.692444164686724,4.629830636255276
4FGL J0321.7-7500,50.4345,-75.0041,bll,0.44361508,1.7537161229792273,4.769111693039935
4FGL J0322.4+6606,50.6146,66.1102,bcu,1.194692,3.8531425572428786,8.648139358874367
4FGL J0322.6-5040,50.658,-50.6711,fsrq,0.9455392,3.258092210052328,7.708113247981704
4FGL J0325.2+4705,51.3103,47.0882,bcu,1.4228821,4.329188136658676,9.321882369766678
4FGL J0327.0-3751,51.7523,-37.8625,bcu,0.88710713,3.105496109406974,7.448353043398958
4FGL J0327.8-2202,51.9735,-22.0448,fsrq,1.4643011,4.4094347600549755,9.428996795319314
4FGL J0328.9+3514,52.2433,35.2489,bcu,1.1779172,3.815704148241008,8.592287535031438
4FGL J0330.6+4659,52.653,46.9834,bcu,1.4684241,4.41732645644126,9.439432927015908
4FGL J0331.8-7040,52.969,-70.6697,bll,0.46153826,1.8156798604815296,4.908246159119891
4FGL J0331.9+6307,52.9909,63.1309,bll,0.7948181,2.853336988753155,7.001415036756845
4FGL J0332.2-1737,53.052,-17.6272,bcu,1.4984167,4.474219464743535,9.514154624278595
4FGL J0332.8+1557,53.2156,15.9593,bcu,0.61558944,2.3214878894907014,5.982230075035988
4FGL J0333.9+6537,53.4767,65.6188,bll,0.4897415,1.9118423755053024,5.120803578392373
4FGL J0335.8+2733,53.9585,27.5614,bcu,0.44694197,1.7652681710969267,4.7951812513141485
4FGL J0336.7-1305,54.1963,-13.0987,fsrq,1.2509294,3.976103153198881,8.828582945444392
4FGL J0338.7-5319,54.6783,-53.3324,bcu,0.57680035,2.1985473234770785,5.730996717920716
4FGL J0347.0+4844,56.7527,48.7376,fsrq,1.27943,4.036957080056994,8.91620728804859
4FGL J0347.6-0133,56.9013,-1.5514,bcu,0.5589785,2.1410817521583816,5.611452849587928
4FGL J0347.7-3616,56.947,-36.2808,bcu,0.6783283,2.5142909723723346,6.3641411969046935
4FGL J0348.2+6035,57.0541,60.5904,bcu,0.47862563,1.8741362386287588,5.0379418204349955
4FGL J0348.6-2749,57.1538,-27.8215,fsrq,0.7418696,2.702198106466994,6.722608739517449
4FGL J0348.8+4610,57.2185,46.1695,bcu,1.7628508,4.939504485964492,10.092171168761372
4FGL J0348.9-4859,57.2338,-48.998,bcu,0.48701826,1.9026282273625594,5.100612128526121
4FGL J0349.6+2410,57.423,24.1775,bcu,1.9917771,5.296084136372655,10.496876701936321
4FGL J0350.6-3226,57.6594,-32.4473,bcu,0.9512636,3.2727584269379673,7.732664080209125
4FGL J0351.2-6103,57.8079,-61.0526,bcu,0.4785578,1.8739053764059537,5.03743257108913
4FGL J0351.6+2921,57.9172,29.358,bcu,0.8496855,3.0049334246676813,7.272793471392912
4FGL J0352.0-3702,58.0082,-37.0485,bll,0.36540774,1.47545614380004,4.122628601168864
4FGL J0353.0+5654,58.272,56.9026,bll,0.43861195,1.736300250359619,4.729695585324582
4FGL J0354.4+4643,58.609,46.7231,bcu,1.0910456,3.615988155075064,8.287020735526092
4FGL J0354.7-1617,58.6779,-16.287,fsrq,1.0959285,3.6274799730858027,8.304924517108248
4FGL J0358.5-5432,59.6317,-54.5376,bcu,1.1510515,3.7549968633314545,8.500807846551407
4FGL J0358.9+6004,59.7328,60.0767,fsrq,1.6807944,4.801731804368217,9.927048559659495
4FGL J0359.6+5057,59.9158,50.959,fsrq,1.6887547,4.815345161346526,9.943586599447096
4FGL J0359.6+3213,59.9206,32.2286,fsrq,1.9049506,5.165395292413061,10.352280110136835
4FGL J0401.2+8153,60.3224,81.8881,bll,0.5093399,1.9777091759944283,5.2640705121837446
4FGL J0402.9+6433,60.7373,64.5517,bcu,0.73404425,2.6794465934112455,6.67991161195608
4FGL J0410.9+4216,62.736,42.2777,bcu,0.9263062,3.208449801409896,7.62447625952206
4FGL J0411.7+3041,62.9461,30.6834,bcu,1.170441,3.7989035342853392,8.5670842780607
4FGL J0412.6-5434,63.1542,-54.5722,bcu,0.46256116,1.8191961539802015,4.916090363256968
4FGL J0412.7-3927,63.1872,-39.4623,bcu,0.33739263,1.3726130172894553,3.8744038830972136
4FGL J0414.6-0842,63.6584,-8.7051,bll,0.53406,2.0596834635990593,5.439779044512457
4FGL J0415.2-5741,63.8016,-57.6904,bcu,0.35785374,1.447891419845687,4.056601507749466
4FGL J0416.0-4743,64.003,-47.7333,bcu,1.0537721,3.527187033795989,8.147256948237741
4FGL J0416.4-2059,64.1224,-20.9869,bcu,1.055911,3.532334911533989,8.15542796020101
4FGL J0420.0+0805,65.0086,8.0999,bcu,0.84282297,2.9862455144250206,7.239779622039356
4FGL J0420.2+4012,65.0547,40.201,bll,0.38521752,1.547163303373063,4.292687968131577
4FGL J0421.6-0627,65.4057,-6.4582,bll,0.4794658,1.8769950104056823,5.04424593047994
4FGL J0423.7+0831,65.928,8.5293,bcu,0.49989775,1.946073076683151,5.195492477413183
4FGL J0423.9+4150,65.9781,41.8342,bll,0.6845677,2.5330656450256925,6.400559173816624
4FGL J0425.3+6319,66.3371,63.3262,bcu,0.6704267,2.49041207601228,6.317626695067037
4FGL J0426.5+0517,66.6377,5.2855,fsrq,1.7136377,4.857551080878285,9.994549052631262
4FGL J0426.5+2007,66.6405,20.1326,bcu,1.3231684,4.128497877391762,9.045954236729829
4FGL J0427.5-1831,66.8856,-18.5328,bcu,0.467852,1.837349345154123,4.956499621969054
4FGL J0428.7-5003,67.1923,-50.0654,bcu,0.7231457,2.6475793057058343,6.619783069037274
4FGL J0431.2-0358,67.8239,-3.9672,bcu,0.5982765,2.2669736277485573,5.871581312883534
4FGL J0433.5-1039,68.3986,-10.6607,bcu,0.78589624,2.828208254409705,6.955636839919536
4FGL J0434.3-2517,68.5914,-25.2865,bcu,1.4313186,4.345677470517203,9.344040966762789
4FGL J0436.8-5223,69.2198,-52.3934,bcu,0.76618624,2.7722110573514342,6.852800083827325
4FGL J0437.2-5846,69.3164,-58.7773,bcu,0.93442374,3.2294712038287754,7.659994341692817
4FGL J0440.2+4246,70.0696,42.7667,bcu,0.89490324,3.126164360187087,7.484001291229885
4FGL J0440.3-4332,70.0829,-43.5448,fsrq,1.4402031,4.362962202279807,9.367185849332008
4FGL J0441.2-2953,70.3216,-29.896,bll,0.5834054,2.2196872992376706,5.774632848938082
4FGL J0441.3-2617,70.335,-26.2937,bcu,0.38500923,1.5464136883636532,4.2909228294692685
4FGL J0444.6+3425,71.1598,34.4185,bcu,0.91004324,3.1660281362542118,7.552343757515638
4FGL J0446.3-1729,71.5979,-17.4886,bcu,0.288516,1.1891296759147985,3.418512800462447
4FGL J0449.6+3027,72.4186,30.4664,bcu,1.5595132,4.587381345757047,9.660114076523016
4FGL J0450.8-2327,72.7227,-23.4639,bcu,0.50571597,1.9655884738214071,5.237847131090459
4FGL J0451.8+5721,72.9698,57.3548,bcu,0.27581945,1.1406171635122142,3.2951054730629226
4FGL J0452.0+2100,73.0072,21.0033,bcu,0.42350435,1.6833935782221823,4.6091124645324735
4FGL J0453.5-1233,73.3784,-12.5612,bcu,0.88696784,3.105125961370695,7.447713277926314
4FGL J0453.9+3727,73.4897,37.4568,bcu,0.5828976,2.2180650577523187,5.771290753026545
4FGL J0456.4-4043,74.1111,-40.7222,bcu,0.7569587,2.7457644348475148,6.803833745337067
4FGL J0458.6+5509,74.6735,55.1651,bcu,1.0055873,3.409497329627311,7.958117798082355
4FGL J0459.2-2612,74.8003,-26.214,bcu,0.76675665,2.773841033685099,6.855809626878934
4FGL J0459.7-4529,74.9281,-45.4994,bcu,1.4217528,4.32697523476762,9.318902776422819
4FGL J0500.1+5447,75.0353,54.7843,bcu,0.9571711,3.2878417014211574,7.757837913870278
4FGL J0500.2+5237,75.0735,52.6332,bll,0.15485582,0.6607326025630156,2.005474812228547
4FGL J0500.4-5321,75.1215,-53.3626,bcu,1.277522,4.032913196464201,8.910418600351123
4FGL J0501.0-2423,75.2732,-24.3935,bcu,2.0355616,5.360013011309676,10.566067060262556
4FGL J0501.7+3048,75.4313,30.8028,bcu,0.54965657,2.1107749447328206,5.547856989015454
4FGL J0502.5+3438,75.6366,34.6338,bcu,0.9232737,3.2005706914388226,7.6111250722512205
4FGL J0503.6+4518,75.9202,45.3113,bcu,0.38333347,1.540379437125459,4.276704142143989
4FGL J0504.3-0955,76.0856,-9.9215,bcu,0.31201127,1.2779776895649222,3.641388557503398
4FGL J0505.8+3322,76.4554,33.3742,bcu,0.30904603,1.2668306826887132,3.6136465458404006
4FGL J0507.9+4647,76.9786,46.7951,bcu,1.2640946,4.004333188451845,8.8693688414636
4FGL J0508.2+5211,77.0591,52.1886,bcu,0.6216384,2.340399538666736,6.020337798999958
4FGL J0509.1-7317,77.2973,-73.2995,bcu,0.44414583,1.7555606035098752,4.7732781674817195
4FGL J0509.2+5550,77.3192,55.8343,bcu,1.1980116,3.860509297453896,8.659078910215095
4FGL J0512.8+4041,78.2186,40.6945,bcu,0.94439787,3.2551621068583865,7.703199688271474
4FGL J0513.9-3746,78.4961,-37.7774,bll,1.0087221,3.417255308435192,7.970724277226917
4FGL J0515.9+0537,78.9852,5.6219,bcu,0.57370746,2.188619060918168,5.710440233790712
4FGL J0516.7+2743,79.1759,27.7194,bcu,0.73637307,2.6862287342162015,6.692659584064693
4FGL J0516.8-0509,79.2241,-5.1547,fsrq,1.5484344,4.567127847315091,9.634249160581955
4FGL J0517.9-6930c,79.4848,-69.5093,bcu,1.268225,4.013147403175016,8.882054681824918
4FGL J0519.6+2744,79.9026,27.7405,bcu,0.58293146,2.218173244075088,5.771513668784073
4FGL J0520.4+3607,80.1028,36.1198,bcu,1.7169814,4.863182768111458,10.001313700345571
4FGL J0520.6+6531,80.166,65.5255,bcu,0.53908557,2.0761991136229834,5.47483559318868
4FGL J0521.4-2957,80.3694,-29.9653,bcu,0.39960405,1.5987161066021378,4.4134465016316184
4FGL J0521.7+2112,80.4445,21.2131,bll,0.25170636,1.047513906424477,3.0548088049010627
4FGL J0521.8+5658c,80.4529,56.9669,bcu,1.6422305,4.735003791012435,9.845273029367833
4FGL J0524.1-5659,81.0328,-56.9863,bcu,0.84772104,2.9995917179526397,7.263369395137134
4FGL J0524.5+2839,81.128,28.6572,bcu,0.47027954,1.8456590786870697,4.974948583246093
4FGL J0524.5-2614,81.1471,-26.2389,bcu,0.54790664,2.1050665478920907,5.535835730405435
4FGL J0524.6-2819,81.1732,-28.3288,bcu,1.3947794,4.273719039096534,9.246775096535131
4FGL J0526.3+2246,81.5908,22.7778,bcu,0.28682998,1.1827077615649022,3.402246645481499
4FGL J0527.3-6223,81.8385,-62.3951,bll,0.42667302,1.6945298131999025,4.634599698193058
4FGL J0530.4+3303,82.6095,33.0533,bcu,0.5052304,1.9639624040887578,5.234324298349358
4FGL J0532.7+5749,83.1939,57.8238,bcu,1.4466431,4.375440042881774,9.38384171510245
4FGL J0532.9+6936,83.25,69.6066,bcu,0.4296527,1.704982655110786,4.65847136886075
4FGL J0533.3+4823,83.3338,48.3834,fsrq,0.8938969,3.123501864127408,7.479417306422264
4FGL J0534.1-7218,83.5445,-72.3077,bll,1.1650606,3.7867683943558323,8.548825916358403
4FGL J0535.7-6604c,83.9471,-66.0792,bcu,0.39512485,1.5827123604617195,4.376092380863976
4FGL J0536.2+1733,84.0719,17.5534,bll,0.27862623,1.1513719167556489,3.3225692302844596
4FGL J0538.6+0443,84.663,4.7262,bcu,0.6174095,2.327185508257224,5.993725996454792
4FGL J0539.0+1644,84.75,16.7432,bcu,0.5861166,2.2283401498527633,5.7924411100289595
4FGL J0539.6+1432,84.9052,14.5443,FSRQ,1.4271576,4.337554006423823,9.333134167989387
4FGL J0539.7-1030,84.9266,-10.5109,bcu,0.75796837,2.7486654166418623,6.8092174915644055
4FGL J0539.7-0521c,84.9408,-5.3555,bcu,1.6752418,4.792203738375916,9.91544429865104
4FGL J0540.0+1209,85.0078,12.151,bcu,0.9321099,3.2234895501406537,7.649902847958778
4FGL J0542.4+3547c,85.6081,35.7849,bcu,1.7069644,4.846283386467286,9.980989545070674
4FGL J0542.8-3458,85.704,-34.9826,bcu,0.48387125,1.891961382403018,5.077191116277529
4FGL J0543.2+8238,85.8059,82.6344,bcu,0.91985774,3.191678224731323,7.596031462194938
4FGL J0545.0+0613c,86.2679,6.2271,bcu,1.6517811,4.751650660303815,9.865784870988469
4FGL J0548.5-5218,87.1442,-52.3153,bcu,0.78923464,2.8376268539266594,6.972821878806145
4FGL J0549.0+3258c,87.2698,32.9686,bcu,0.51506037,1.9967880517819083,5.305220562907582
4FGL J0550.9+2552c,87.7457,25.871,bcu,1.37268,4.229504931070906,9.18627767599838
4FGL J0551.0-1622,87.7503,-16.3808,bcu,1.3503561,4.1843002608886755,9.123843080971104
4FGL J0552.4+3755,88.1033,37.92,bcu,0.9449107,3.2564789256834907,7.705408249797178
4FGL J0554.3-1009c,88.5897,-10.1525,bcu,1.4605569,4.402253145198027,9.419484518909028
4FGL J0554.4-2757,88.6104,-27.9564,bll,0.40815407,1.6291466887620414,4.4841447902371705
4FGL J0555.6+3947,88.9015,39.7878,fsrq,1.793975,4.990319339465692,10.151823920856224
4FGL J0557.2+7705,89.3129,77.0854,bcu,0.6640486,2.4710532717913964,6.279755591447838
4FGL J0557.4-0302,89.3743,-3.0455,bcu,1.2640553,4.00424922549818,8.8692478867539
4FGL J0559.6+3044,89.9039,30.7471,bcu,0.39659387,1.5879657087980588,4.388367352127558
4FGL J0559.7-1817,89.9458,-18.2984,bcu,1.0195947,3.4440524952470284,8.01411768492124
4FGL J0600.3+1244,90.0816,12.7444,bll,0.33425745,1.3609987499936145,3.8460463487720498
4FGL J0601.0+3838,90.2687,38.6345,bll,0.18856771,0.7976963560462719,2.386768494212301
4FGL J0601.4+2320,90.3703,23.3478,fsrq,2.1078656,5.462822369684858,10.675242716507723
4FGL J0603.0-2936,90.7622,-29.6108,bcu,1.0002544,3.396266661556581,7.936572901184835
4FGL J0603.9+2159,90.9815,21.9848,bcu,0.9295044,3.2167440566752465,7.638508201779191
4FGL J0608.8+5553,92.2005,55.899,bcu,1.2628437,4.001659786925377,8.865516582164165
4FGL J0609.5+1402,92.3996,14.0395,bcu,1.6589226,4.764045975387775,9.881010035122754
4FGL J0610.7+1656,92.6761,16.946,bcu,1.6011924,4.662546639691047,9.755127756556314
4FGL J0611.6+2803,92.9237,28.0561,bll,0.7957981,2.8560889400943914,7.006414549250457
4FGL J0613.6+7108,93.4141,71.1355,bll,0.52772385,2.038788987607609,5.395263260958022
4FGL J0613.6+1709,93.4217,17.1516,bcu,1.2150141,3.8980250702495223,8.714533581256195
4FGL J0614.9+2426,93.7394,24.4475,bcu,0.7304841,2.669059933993353,6.660355254973865
4FGL J0616.1-1732,94.0356,-17.5474,bll,0.45769623,1.8024532928683852,4.878690917355571
4FGL J0617.9-0319,94.4951,-3.3303,bcu,1.1960448,3.8561463119831654,8.652601907552325
4FGL J0618.9-1138,94.7482,-11.636,bcu,1.3264862,4.1353522048290134,9.055570363794631
4FGL J0620.0+5733,95.018,57.5595,bcu,0.40251794,1.6091043553772073,4.437629573173768
4FGL J0620.7+2643,95.1766,26.7291,bll,0.31784275,1.2998439228128713,3.6956260319015737
4FGL J0621.2-4648,95.3015,-46.8071,bcu,0.7748852,2.7970076882411656,6.898478987320752
4FGL J0621.8+1746,95.4517,17.7789,bll,0.30140856,1.2380318136273578,3.5416822082871167
4FGL J0622.9+3326,95.7296,33.4335,BCU,0.72511786,2.653361536784492,6.630721397456745
4FGL J0623.2+3044,95.8231,30.7395,bll,0.3067202,1.2580740099028767,3.5918093803923865
4FGL J0623.6-3351,95.9063,-33.8541,bcu,1.3847775,4.253773775425,9.219553758479616
4FGL J0624.1-6330,96.0406,-63.5097,bcu,0.36744392,1.4828653103995488,4.140313774365223
4FGL J0624.2-2943,96.0616,-29.7178,bcu,0.25805667,1.0721564495103575,3.118857496210869
4FGL J0626.8-2603,96.7166,-26.0581,bcu,0.8181777,2.9184921000096833,7.119053558067016
4FGL J0627.0+2623,96.752,26.3959,bcu,0.59589607,2.259433200207638,5.856182273682335
4FGL J0628.6-6711,97.152,-67.1871,bcu,1.2540159,3.9827401172230905,8.838193223773859
4FGL J0629.6+2435,97.4084,24.5877,bcu,0.39587584,1.5853985398663033,4.382370520358964
4FGL J0630.1-2010,97.5433,-20.1794,bcu,0.22499184,0.9428804039540385,2.7792070013046084
4FGL J0630.2+3228,97.5576,32.4681,bcu,0.6207893,2.3377490883639234,6.015005613432002
4FGL J0631.1+2020,97.7766,20.3406,bcu,0.9830554,3.353313030733821,7.866230445112591
4FGL J0632.0-1032,98.0226,-10.5335,bcu,1.0963324,3.6284290948321662,8.3064013436718
4FGL J0636.7+7139,99.1828,71.6615,bcu,0.9210295,3.194730601134188,7.6012154316007985
4FGL J0638.7+2753,99.6887,27.8903,bcu,0.41046223,1.6373352606463998,4.503095621122371
4FGL J0640.0-1253,100.0213,-12.896,bll,0.3162882,1.2940220494711083,3.681208817684613
4FGL J0640.7-1924,100.181,-19.4092,bcu,1.2653041,4.006916341497874,8.873089034547252
4FGL J0640.8+2432,100.2165,24.5421,bcu,0.8055999,2.883524035591593,7.056107349098624
4FGL J0641.7-0320,100.4371,-3.3466,FSRQ,1.7373148,4.897229052692816,10.04203218529153
4FGL J0643.3+0857,100.8345,8.9525,fsrq,1.5888058,4.640376500988702,9.727262759821464
4FGL J0643.4-3314,100.8513,-33.2392,bcu,0.9452995,3.257476999727676,7.707081826290697
4FGL J0644.7+3917,101.1994,39.2842,fsrq,0.18694776,0.7911717897331348,2.3688521347121623
4FGL J0647.7-4418,101.9253,-44.3058,bcu,1.1435227,3.7378169809792805,8.474712868490103
4FGL J0648.1+1605,102.0403,16.0928,bcu,0.35599867,1.4411035214972763,4.040285830827903
4FGL J0648.2+1745,102.0746,17.7651,bcu,0.3818115,1.5348937913761782,4.263763202738528
4FGL J0648.4-1744,102.1161,-17.7396,fsrq,1.0417129,3.4980428379825006,8.100836924342204
4FGL J0648.4-6941,102.1172,-69.6927,bll,0.24037959,1.0033409443184333,2.939183082351728
4FGL J0648.7+1516,102.1905,15.2808,bll,0.35901886,1.452150944641382,4.066828496907326
4FGL J0649.3+2230,102.3396,22.5059,bcu,0.4498312,1.7752818589800257,4.817730688213956
4FGL J0650.2+5620,102.5506,56.3421,fsrq,0.56521404,2.1612587335625704,5.653581291517089
4FGL J0650.2-1636,102.5717,-16.6012,bcu,1.0142611,3.4309283589368884,7.992894684330475
4FGL J0650.5-2851,102.629,-28.861,bcu,0.8879187,3.107652155416398,7.452078624157095
4FGL J0651.5+7956,102.8887,79.9476,bcu,0.5770652,2.1993966317324594,5.732753338810377
4FGL J0652.5+1932,103.1448,19.5486,bcu,1.6825533,4.804744478192324,9.930712699742566
4FGL J0653.6+1636,103.4105,16.6106,bcu,0.46380395,1.823465429179866,4.9256069576637325
4FGL J0654.3+0923,103.578,9.3874,bcu,0.37841937,1.5226497704148125,4.234827440759337
4FGL J0656.0+2420,104.0198,24.3448,fsrq,1.6025251,4.664923590230303,9.75810738647449
4FGL J0656.3-0322,104.0765,-3.3686,fsrq,1.4913348,4.460866862768789,9.496698672584515
4FGL J0656.3-2404,104.097,-24.0682,bll,0.3806937,1.5308617574328147,4.254242324978115
4FGL J0658.6+0636,104.6599,6.611,bcu,0.34256384,1.3917234521344737,3.9209195937461976
4FGL J0659.9+1709,104.9847,17.1522,fsrq,0.89440286,3.124840693809462,7.48172265643508
4FGL J0700.2+1304,105.075,13.0674,bll,0.49527174,1.9305075580815751,5.161592553763325
4FGL J0702.7-1951,105.678,-19.8517,bll,0.85453457,3.018091927187131,7.295965608123155
4FGL J0703.3-1042,105.8287,-10.7092,bcu,0.729651,2.6666261382301237,6.655767006141053
4FGL J0703.3-0050,105.8367,-0.8436,bll,1.4325422,4.348062850342741,9.347240099768936
4FGL J0706.1+0246,106.5454,2.7772,bcu,0.26637405,1.1042988495875201,3.201913954996734
4FGL J0709.2-1527,107.3095,-15.4512,bll,0.24266686,1.0122836447728445,2.962676160268141
4FGL J0709.3+0540,107.3392,5.6788,bcu,0.6139374,2.3163107799778966,5.971773140249565
4FGL J0709.7-0255,107.4451,-2.9301,fsrq,0.78778064,2.833527033832046,6.965345351478242
4FGL J0713.0+5738,108.2598,57.6345,bcu,1.3415425,4.166301283888882,9.09881910927023
4FGL J0718.2-1324,109.5539,-13.4164,bcu,0.5814819,2.2135397500878393,5.761962174395942
4FGL J0719.6-3927,109.9156,-39.4511,bcu,0.521098,2.016853215380584,5.3483302879801755
4FGL J0720.0-3507,110.0044,-35.1226,bcu,0.9901591,3.3711068750529876,7.89544401627844
4FGL J0721.3-0222,110.3253,-2.3687,bll,0.3361188,1.3678966740827587,3.8628964280989555
4FGL J0721.3+0405,110.3475,4.0914,fsrq,1.1435668,3.7379178275223808,8.474866314053605
4FGL J0723.0-0732,110.7523,-7.5441,bll,0.336075,1.3677344427746492,3.8625004031114436
4FGL J0725.5+0216,111.3901,2.2749,bcu,0.7306018,2.669403680293927,6.66100311550999
4FGL J0725.5-0504,111.3911,-5.0747,bcu,0.69327295,2.5591413287980638,6.450915538314955
4FGL J0725.6-3530,111.4194,-35.5009,bcu,0.8257383,2.9393843350164586,7.1564537407831095
4FGL J0725.8-0054,111.4698,-0.9134,bcu,0.3161883,1.2936477395477992,3.6802812989103093
4FGL J0728.0-4740,112.0165,-47.6699,fsrq,0.49223274,1.920258300524494,5.139213588751195
4FGL J0729.1-3131,112.2819,-31.5261,bcu,0.6622072,2.4654502536255523,6.268767497958304
4FGL J0730.3-1141,112.5776,-11.6888,fsrq,1.0176256,3.4392119984181324,8.006296664179596
4FGL J0730.5-0535,112.6354,-5.5842,bll,0.44991994,1.7755891456919777,4.818421944229457
4FGL J0731.2-1403,112.8105,-14.0656,bll,1.0122682,3.426013988531386,7.98493321967374
4FGL J0731.8-3009,112.9639,-30.1553,bcu,0.71004564,2.6089944312740867,6.546470361137155
4FGL J0733.0+4915,113.2659,49.2568,bcu,0.3313782,1.3503138910082488,3.8198992096526414
4FGL J0733.5+3517,113.3761,35.2938,bll,0.41921496,1.6682850362445416,4.57444316591664
4FGL J0733.7+0205c,113.4379,2.0908,bcu,1.5225307,4.519314703551733,9.572742617752684
4FGL J0738.4+1539,114.6058,15.6602,bcu,0.39711976,1.589845227718406,4.392755898538058
4FGL J0738.9-6736,114.7427,-67.6038,fsrq,0.98339117,3.3541557684342744,7.867616392319079
4FGL J0740.0-0753,115.0209,-7.8985,bcu,0.7718245,2.788297971206955,6.882460020663646
4FGL J0741.4-8132,115.3538,-81.5409,bcu,0.5200584,2.013403483792327,5.340930786638547
4FGL J0743.6-3805,115.9062,-38.0937,bcu,0.62090045,2.3380961190474387,6.015703929924379
4FGL J0744.1-6211,116.0302,-62.1954,bcu,1.0847018,3.6010096375050087,8.263622062855893
4FGL J0745.4-2447,116.3619,-24.7995,bcu,1.8550062,5.087756544278539,10.2643493151445
4FGL J0746.5-0710,116.6316,-7.1804,bcu,1.0330098,3.4768818605373877,8.066960701416637
4FGL J0747.3-3310,116.8328,-33.1778,bll,0.63080144,2.368914767883242,6.077528543829714
4FGL J0747.6+7209,116.9239,72.1649,bcu,0.9004835,3.140899172973238,7.5093260387781315
4FGL J0748.0-1638,117.0059,-16.6437,bcu,1.0574179,3.5359578562284484,8.161173411941075
4FGL J0749.0-3904,117.267,-39.0709,bcu,0.31164524,1.2766027320648519,3.6379700371205552
4FGL J0749.0-2956,117.2727,-29.948,bcu,0.3978281,1.5923758930276992,4.398662217397274
4FGL J0749.5+1026,117.3871,10.449,fsrq,1.5797052,4.623997646434638,9.706591116731815
4FGL J0749.9+3112,117.4754,31.2087,bcu,0.7847264,2.824903291805131,6.949599043039245
4FGL J0750.0+8238,117.5109,82.6382,bcu,1.1152304,3.67259127315624,8.374803458124436
4FGL J0751.9+3314,117.9826,33.2361,fsrq,1.3264635,4.135305350697919,9.055504677403569
4FGL J0752.3-1631,118.0914,-16.5318,bcu,0.5910335,2.2439961712168963,5.824585132650117
4FGL J0753.9+0923,118.4907,9.3904,bcu,1.218568,3.9058214028077853,8.726004327722896
4FGL J0754.4-1148,118.6105,-11.8052,bll,0.9746576,3.3321813238769242,7.831400919181855
4FGL J0754.5+3911,118.6435,39.1968,bll,0.35883394,1.4514750958546947,4.065206389979669
4FGL J0756.6-7723,119.1718,-77.3895,bcu,0.5193797,2.0111501643308203,5.336094797138667
4FGL J0757.1-3729,119.2835,-37.4955,bll,0.33921087,1.3793389722649465,3.890795655073148
4FGL J0800.4-2257,120.1113,-22.9572,bcu,1.1860483,3.833895752697966,8.619479881866717
4FGL J0801.1+1335,120.2789,13.5853,bll,0.6927158,2.5574765778873543,6.447708385681699
4FGL J0803.0+2439,120.7508,24.6583,bll,0.6226063,2.343419149869318,6.0264092615504525
4FGL J0803.5+2046,120.8883,20.7678,bcu,1.9242067,5.194840446362818,10.385231040458423
4FGL J0804.0-3629,121.0076,-36.4854,bll,0.6960127,2.567319429617989,6.466655379659536
4FGL J0805.8-2331,121.4651,-23.533,bcu,0.830698,2.9530378812655043,7.180811867446392
4FGL J0806.1-0458,121.539,-4.9792,bcu,0.625743,2.353192664296967,6.046035821010115
4FGL J0806.9-2151,121.7403,-21.8513,bcu,0.5369342,2.069135175815703,5.459855526310277
4FGL J0807.3-1954,121.8376,-19.916,bcu,0.37809187,1.5214663492303595,4.2320269416028236
4FGL J0809.3+3121,122.348,31.3533,bll,0.95998496,3.295007642522875,7.769771154337394
4FGL J0809.9-7028,122.4803,-70.467,bcu,0.44743788,1.7669881619817407,4.799057632687833
4FGL J0810.5+6139,122.6432,61.6578,bcu,0.5801313,2.209218902138532,5.753047280670433
4FGL J0810.9-4926,122.7287,-49.4364,bcu,0.7203936,2.6394987546870805,6.604476001692071
4FGL J0813.4+2531,123.3556,25.5319,fsrq,1.1332737,3.7143107612344384,8.438860162868595
4FGL J0814.5-2642,123.6266,-26.7026,bcu,1.1292309,3.705000547987236,8.424612260586539
4FGL J0816.7-2420,124.1916,-24.3427,bcu,1.1867533,3.8354690950588646,8.62182691565526
4FGL J0819.4+4035,124.854,40.5968,bll,0.40962827,1.634377948535832,4.496255087051232
4FGL J0820.1-2801,125.0399,-28.0255,bcu,0.3893827,1.5621340129861352,4.327884383530476
4FGL J0820.6-0318,125.1514,-3.3049,bcu,0.4114699,1.6409066113578814,4.511351091835337
4FGL J0820.7-5758,125.182,-57.9806,bcu,1.6940951,4.824447692643763,9.954617376945285
4FGL J0822.4-2630,125.6172,-26.502,bcu,0.75211227,2.7318149286506523,6.777902514978928
4FGL J0822.9+0538,125.7327,5.6428,bcu,0.5682818,2.171157378937433,5.674187722789161
4FGL J0823.7-4838,125.9466,-48.641,bcu,1.1112326,3.6632889620113436,8.360446251581148
4FGL J0824.7-1035,126.1901,-10.5985,bcu,1.120779,3.685466704929749,8.394630654508592
4FGL J0825.9-3218,126.4796,-32.3075,bcu,1.3103998,4.102002043139698,9.008653242394859
4FGL J0825.9-2230,126.4991,-22.5055,bll,0.6391689,2.394815514769402,6.129197089450398
4FGL J0827.6-3735,126.9137,-37.5918,bcu,2.0739887,5.4150724436058795,10.624855516528378
4FGL J0828.7-2422,127.1802,-24.3744,bll,0.5706411,2.1787575132921164,5.689981887108397
4FGL J0829.4+4019,127.3581,40.3189,bcu,0.67435867,2.50230897949496,6.340828509977636
4FGL J0830.1-0946,127.5427,-9.7728,bcu,0.4407081,1.7436032857158075,4.746240688334741
4FGL J0833.0+3300,128.261,33.0138,bll,0.3830031,1.5391891014140222,4.273897284934547
4FGL J0835.0+6243,128.7684,62.7193,bcu,0.9953101,3.383963002306133,7.9164860204080165
4FGL J0835.8+1517,128.9613,15.2955,bll,0.9965896,3.3871504086355815,7.921694532937059
4FGL J0835.9-2120,128.9862,-21.3456,bcu,0.4653977,1.828935670945672,4.937788806397652
4FGL J0836.0-8015,129.0037,-80.2565,bcu,0.35051435,1.4209926169034797,3.991815227968551
4FGL J0837.4+2454,129.3682,24.9004,fsrq,1.2668407,4.010195582540938,8.877808854941817
4FGL J0840.1-0225,130.0394,-2.4326,bcu,0.32713008,1.3345164785443995,3.78113736236085
4FGL J0840.9-7044,130.2395,-70.7487,bcu,0.6592834,2.4565407856714514,6.251270044826864
4FGL J0841.0-2744,130.263,-27.7468,bcu,1.5140237,4.503470915542929,9.552222383141649
4FGL J0841.3-3554,130.3406,-35.9041,bll,0.56668735,2.166014920221622,5.6634874835877485
4FGL J0843.0-0853,130.7739,-8.8878,bcu,1.3351358,4.153163122081997,9.080493703506479
4FGL J0843.1+5034,130.7877,50.5741,bll,0.5542726,2.125803701279802,5.579441033283146
4FGL J0844.9-5458,131.2478,-54.9721,bll,0.878527,3.0826376781132265,7.408755725486566
4FGL J0845.7-5556,131.4473,-55.949,fsrq,0.62295425,2.344504233864589,6.028590130233442
4FGL J0846.5-2609,131.6416,-26.16,bcu,1.5371284,4.546338514284412,9.607583087364127
4FGL J0848.7-6942,132.1811,-69.7133,bcu,0.47966096,1.8776588569780297,5.045709320267205
4FGL J0848.9+0205,132.2375,2.087,bll,0.6635008,2.4693870806235476,6.276489290513143
4FGL J0849.4-2911,132.3511,-29.1863,bcu,0.82186115,2.928682486295745,7.137315241499212
4FGL J0849.8-3541,132.4516,-35.6877,bcu,0.91879964,3.1889200971194507,7.591344505944711
4FGL J0851.9-5229,132.993,-52.4977,bcu,1.6216788,4.698907011412513,9.800540743647648
4FGL J0851.9+4845,132.9934,48.7566,bcu,1.132572,3.712696353943549,8.436391488276326
4FGL J0852.5-5755,133.1418,-57.9304,bcu,0.9303446,3.218920428499324,7.642186260557022
4FGL J0852.9-3824,133.2476,-38.4025,bcu,0.9210777,3.1948561141538345,7.601428527538617
4FGL J0853.1-3657,133.2934,-36.9565,bcu,0.4664569,1.832568275153492,4.945871042993305
4FGL J0856.4-5309,134.1229,-53.1638,bcu,0.53762174,2.071393688142127,5.464647296162675
4FGL J0857.7+0137,134.4279,1.6254,bll,0.82651114,2.9415145684950725,7.160258460412867
4FGL J0858.0-3130,134.5063,-31.5076,bll,0.64679414,2.418304097746985,6.175825603291388
4FGL J0859.2+0047,134.8184,0.7865,bll,0.47073022,1.8472004706259335,4.978367373796704
4FGL J0859.4+8345,134.867,83.7558,bll,0.69558525,2.5660443970969617,6.4642030843159635
4FGL J0902.5-4801,135.6467,-48.0226,bcu,1.4369979,4.356735963690981,9.35885841686482
4FGL J0903.5+2847,135.8936,28.7935,bll,1.073915,3.5754140845798266,8.223473164840616
4FGL J0904.5-3513,136.1404,-35.2308,bcu,1.2308798,3.9327102134826055,8.765424983174368
4FGL J0904.9-5734,136.2315,-57.5833,bcu,0.43683147,1.7300898208038469,4.715606824785347
4FGL J0906.7+4950,136.6943,49.8499,fsrq,1.1619076,3.779639731618961,8.538079085658751
4FGL J0907.1+0856,136.7897,8.9489,bll,0.19687231,0.8310539210485235,2.4779873472879324
4FGL J0907.8-1002,136.9521,-10.0466,bcu,0.36942533,1.4900666710160244,4.157477695761499
4FGL J0908.5-8751,137.1494,-87.8662,bcu,1.4011786,4.286423624748926,9.264055011308852
4FGL J0909.1+6647,137.2797,66.7864,bcu,0.7566652,2.7449208179976257,6.802267550291192
4FGL J0911.0-5047,137.7507,-50.7966,bcu,1.5072967,4.4908921955303045,9.535881520125999
4FGL J0912.2+3004,138.0563,30.0779,bcu,0.7598147,2.7539656971952664,6.819045957958184
4FGL J0913.9+1732,138.4922,17.5342,bcu,0.4119514,1.6426123722695984,4.515292018470253
4FGL J0915.1-3738,138.7886,-37.642,bcu,0.4628427,1.8201635891998826,4.9182475708348425
4FGL J0918.9-0625,139.7281,-6.4178,bcu,1.3345534,4.151966514689749,9.07882215270085
4FGL J0919.3-2202,139.8482,-22.0472,bcu,0.39196005,1.5713792062786183,4.349567294267707
4FGL J0920.2-3835,140.0695,-38.5999,bcu,0.57690734,2.1988904303360144,5.731706399992516
4FGL J0920.3-0443,140.1,-4.7311,bcu,0.7291827,2.665257518408682,6.6531858812432265
4FGL J0921.2-8211,140.3211,-82.1859,bcu,0.65198165,2.4342213231918084,6.207300996003902
4FGL J0922.6-2116,140.6748,-21.2789,bcu,1.0675914,3.560334525313794,8.199721889990409
4FGL J0922.7-3959,140.6918,-39.9867,fsrq,1.261913,3.99966950307716,8.862647284059152
4FGL J0923.5+4210,140.8925,42.1752,bcu,0.87116426,3.062928681225423,7.374468995581605
4FGL J0928.3+7444,142.0867,74.7477,bcu,0.18587336,0.7868413273445587,2.356947250071843
4FGL J0929.2+7302,142.3123,73.045,bcu,0.87428576,3.071295103751977,7.389040079920339
4FGL J0932.8+3337,143.2181,33.6302,bcu,0.5026246,1.9552279832021453,5.215381972750339
4FGL J0933.5-0013,143.3778,-0.2198,bcu,1.3545369,4.192807999015845,9.13563869339857
4FGL J0933.5-5240,143.3964,-52.6753,bcu,0.4955025,1.9312850459931228,5.163288319618968
4FGL J0935.4-6911,143.854,-69.1845,bcu,0.40534124,1.6191525232379536,4.460973165904439
4FGL J0937.0-2044,144.2608,-20.7357,bcu,1.2042193,3.874248203845197,8.679436945513354
4FGL J0938.9-6403,144.747,-64.0518,bcu,0.65197384,2.434197396966086,6.20725375752785
4FGL J0940.7-6105,145.1788,-61.0855,bcu,1.6898837,4.81727153307232,9.945922872678922
4FGL J0947.9+1121,146.9914,11.3629,bll,0.5388581,2.075452660571019,5.473253625157268
4FGL J0950.2-1623,147.551,-16.3965,bcu,0.3300143,1.3452462282434572,3.807478262441923
4FGL J0952.3-4342,148.0918,-43.7103,bcu,0.59370285,2.2524761172032823,5.84195416692783
4FGL J0952.6-5048,148.1566,-50.8112,bcu,0.5885226,2.236007005107866,5.80819467773897
4FGL J0953.1-3005,148.2779,-30.0979,bcu,1.7128564,4.856233810977753,9.992965577266528
4FGL J0955.2+0835,148.8192,8.5907,bll,1.053245,3.525917431985558,8.145240454405162
4FGL J1002.3-1200,150.5962,-12.006,bcu,0.38818407,1.5578296114060823,4.317775476688118
4FGL J1002.7+1218,150.6805,12.3055,fsrq,0.81523806,2.9103432323939877,7.104423763213217
4FGL J1006.8-5007,151.7204,-50.1329,bcu,1.3063425,4.093543786327284,8.99670232186374
4FGL J1008.1+4706,152.0359,47.112,bll,0.43433434,1.7213685240533603,4.695792518834001
4FGL J1010.2+8251,152.566,82.8641,fsrq,0.770065,2.7832837156625265,6.873225222660146
4FGL J1011.1-2300,152.7923,-23.0126,bcu,1.0462321,3.50898865499436,8.118303163319787
4FGL J1012.3-1232,153.0773,-12.5498,bcu,0.6145054,2.3180913475210834,5.975370809516292
4FGL J1013.3-2551,153.3359,-25.8595,bcu,1.5415329,4.554451992753505,9.618004196913153
4FGL J1014.9-4508,153.7325,-45.143,bcu,0.6118809,2.309858905964083,5.9587264015483035
4FGL J1016.4+7703,154.1099,77.06,bcu,0.70257926,2.5868650789461625,6.504170647125897
4FGL J1017.2-1549,154.3184,-15.8274,bcu,0.35892352,1.451802503528928,4.0659922297958095
4FGL J1017.4+2538,154.365,25.6428,bcu,0.40437526,1.6157164809034832,4.45299593971468
4FGL J1018.6+3126,154.6541,31.443,bll,0.64707875,2.419178692503781,6.177557635271946
4FGL J1021.3+3805,155.344,38.0878,bll,0.49584028,1.9324229156666817,5.165769636414384
4FGL J1021.9+5123,155.4937,51.3868,bll,0.530671,2.0485176707181867,5.416013190846999
4FGL J1028.7-6431c,157.182,-64.5306,bcu,2.0586226,5.39317106500518,10.601559371568884
4FGL J1031.8-2609,157.9531,-26.1623,bcu,0.35547572,1.4391886579577569,4.035679149148958
4FGL J1032.3-1358,158.0851,-13.9829,fsrq,1.212514,3.8925311518770096,8.706439326840892
4FGL J1033.5-5035,158.381,-50.586,bll,0.31061786,1.2727419224736916,3.628365907126877
4FGL J1034.7-4645,158.6942,-46.7519,bll,0.34048885,1.3840621565577473,3.9022931887465138
4FGL J1035.9-3108,158.9872,-31.1461,bcu,0.40958324,1.6342182255746878,4.495885518026217
4FGL J1036.6-3741,159.1673,-37.6853,fsrq,1.8765626,5.121493015667562,10.302745393855107
4FGL J1037.0-1954,159.272,-19.9048,bcu,0.357377,1.4461476821982338,4.052412315597951
4FGL J1038.5+3926,159.633,39.4384,bll,0.44027734,1.7421032554034201,4.742844319487133
4FGL J1038.8-5312,159.7129,-53.2069,fsrq,1.6054168,4.670075535432234,9.764560377772904
4FGL J1039.6+0535,159.9102,5.5913,bcu,0.42891487,1.7023960481740863,4.652568843465682
4FGL J1040.5+0947,160.1301,9.7947,bll,0.48672876,1.9016478070684304,5.098461506220067
4FGL J1041.3-6437,160.335,-64.6169,bcu,0.9810966,3.348393379721538,7.858135014680315
4FGL J1041.5+0607,160.3816,6.1257,fsrq,1.1030114,3.6440920120846227,8.330731668227447
4FGL J1045.3+2751,161.3406,27.8515,bll,0.46097815,1.8137535259058262,4.903946533497427
4FGL J1045.9+7538,161.4868,75.6485,bcu,0.39402312,1.578769473212551,4.366870941493254
4FGL J1047.2-5517,161.8002,-55.2931,bcu,0.9511006,3.2723415000353033,7.731967152082754
4FGL J1047.4+0031,161.8516,0.5289,bcu,0.6153425,2.320714367926284,5.980668364686181
4FGL J1047.8-6216,161.9609,-62.2745,bcu,1.1387391,3.7268628805225905,8.458026578868475
4FGL J1047.9-4642,161.991,-46.715,bcu,1.0202179,3.4455833005701875,8.0165894922909
4FGL J1048.0-1912,162.0042,-19.212,fsrq,0.733883,2.678976635519128,6.679027627068569
4FGL J1048.5-4114,162.1456,-41.2461,fsrq,0.32094812,1.3114580293145337,3.72433628730346
4FGL J1050.6+2027,162.664,20.4617,fsrq,0.7631202,2.7634400277570736,6.836588803909886
4FGL J1050.6-5248,162.6699,-52.8102,bcu,1.189754,3.84215871098852,8.63179770521763
4FGL J1051.2-6517,162.8163,-65.2997,bcu,0.79648256,2.858010014958771,7.009902978436286
4FGL J1053.3-1134,163.3303,-11.5726,bcu,1.2515936,3.9775323614955624,8.830653541901883
4FGL J1053.9+8628,163.4904,86.4725,bcu,0.8470466,2.9977563440668082,7.260129034872472
4FGL J1056.0+0253,164.0027,2.8935,bll,0.26593786,1.102616956703995,3.1975814705365826
4FGL J1057.8-0100,164.4635,-1.0054,bll,0.3588467,1.4515217336761168,4.065318332661056
4FGL J1058.0+4305,164.5181,43.0938,bll,0.7180973,2.6327461444944484,6.591665686852288
4FGL J1101.6-4358,165.4071,-43.9671,fsrq,1.1207314,3.685356424358251,8.394461051191174
4FGL J1102.0-6054,165.5107,-60.9097,bcu,1.4226683,4.328769291028809,9.321318515663895
4FGL J1102.1+2249,165.5471,22.8323,fsrq,1.6195544,4.695154164745522,9.795870029772074
4FGL J1102.9-5628,165.7386,-56.4774,bcu,0.78329,2.8208420589373118,6.942174205249638
4FGL J1103.2+8603,165.8184,86.0628,bcu,0.724983,2.652966357668625,6.629974229797914
4FGL J1103.9-5357,165.9757,-53.9647,bll,0.90629834,3.156201270023027,7.535547057187266
4FGL J1104.0+0020,166.017,0.3352,bll,0.6390223,2.394362862373037,6.128296376483076
4FGL J1105.7+6037,166.4393,60.6216,fsrq,0.64597285,2.415779457366892,6.170824170769085
4FGL J1108.8-6833,167.2242,-68.5646,bcu,1.5696094,4.605737594053281,9.683459299119098
4FGL J1111.4-4624,167.8557,-46.4119,bcu,1.2709668,4.018987196074119,8.890446863985812
4FGL J1111.5+3455,167.8794,34.9289,bll,0.33299756,1.3563255167627517,3.834617332660631
4FGL J1112.0+2607,168.0122,26.1284,bll,0.44493604,1.7583056825073906,4.779476157738152
4FGL J1113.6-1920,168.4048,-19.3359,bcu,1.1156771,3.6736293529518265,8.376403948556796
4FGL J1116.3-4000,169.0942,-40.0046,bcu,0.3678414,1.484310609579346,4.1437605339974946
4FGL J1117.2+0008,169.3012,0.1435,bll,0.30864853,1.265334940252483,3.6099192512275544
4FGL J1117.2-5337,169.3179,-53.6266,bcu,0.5087988,1.9759010832193586,5.260162666582241
4FGL J1117.5-4839,169.3881,-48.6638,bcu,1.3662394,4.216519335564775,9.168402964920416
4FGL J1117.7-3650,169.4377,-36.8349,bcu,0.37113252,1.4962646603976335,4.172230270593446
4FGL J1118.0-1620,169.5012,-16.3439,bcu,1.8482414,5.077097355698296,10.252157783427602
4FGL J1123.5-6418,170.8892,-64.3109,bcu,1.1031656,3.644452914572326,8.331291371959434
4FGL J1125.0-5804,171.2543,-58.0822,bcu,0.6565267,2.4481259650879017,6.234715727246937
4FGL J1127.3+3755,171.8378,37.9236,bcu,1.1139675,3.6696549951652115,8.37027453382607
4FGL J1132.3-5606,173.0826,-56.1139,bcu,1.3644177,4.212838159599457,9.163326971759906
4FGL J1132.8-5328,173.2227,-53.4682,bcu,0.77700347,2.8030261230293454,6.909531987881163
4FGL J1133.8-2048,173.451,-20.811,bll,0.40583172,1.6208964324051076,4.465019783566949
4FGL J1134.7+6612,173.6776,66.2107,bll,0.9144408,3.1775396562280123,7.571978088095498
4FGL J1136.0-6824,174.0207,-68.4113,bcu,0.9612224,3.2981552053734333,7.775007285341561
4FGL J1139.0+5530,174.7715,55.5088,bll,0.56763685,2.169077870764004,5.669862069303513
4FGL J1139.6+1149,174.9131,11.8182,bcu,1.3269308,4.1362697677104165,9.056856597062778
4FGL J1143.7-1014,175.9465,-10.2402,bcu,1.5831323,4.630174594602131,9.71439555267974
4FGL J1143.9+1558,175.9899,15.9739,bll,0.5525512,2.1202041338160083,5.5676841064568325
4FGL J1145.5-0340,176.3941,-3.6753,bll,0.43269622,1.7156402701272437,4.682759473740589
4FGL J1145.6+5552,176.4098,55.8798,bcu,0.8061046,2.8849322912517334,7.058650810620795
4FGL J1145.7-6949,176.4382,-69.8314,fsrq,1.7220266,4.871662533555101,10.01148368518988
4FGL J1145.7-1528,176.4459,-15.4828,bcu,1.4684383,4.41735360639715,9.439468800534556
4FGL J1146.4-0926,176.6036,-9.4467,bcu,0.904353,3.151087900615219,7.526793916557403
4FGL J1147.4-6758,176.8737,-67.981,fsrq,1.5047587,4.486134882488975,9.529689935347049
4FGL J1149.1+2819,177.277,28.3304,bcu,0.5154362,1.9980392078228801,5.307913669577502
4FGL J1149.2+6246,177.3205,62.7678,bll,0.7179252,2.632239679182009,6.590704186210039
4FGL J1150.0+1033,177.5053,10.5556,bll,0.37291667,1.502735402237795,4.187612460279102
4FGL J1153.7-3210,178.4283,-32.1824,bcu,1.1053538,3.64957090511757,8.339224164619061
4FGL J1155.2+4320,178.8135,43.3409,fsrq,0.81379384,2.9063344669596183,7.0972180698283065
4FGL J1155.6-6547,178.9093,-65.7945,bcu,1.4264855,4.336240177021606,9.331368426931657
4FGL J1155.8-1217,178.9688,-12.2848,bcu,0.9195942,3.1909914228643896,7.594864603938174
4FGL J1156.6+0640,179.1636,6.6728,bcu,1.0333738,3.477769056938118,8.068383905887933
4FGL J1156.8-1537,179.224,-15.6181,bcu,0.89319104,3.121633399223735,7.476198940387102
4FGL J1158.9+0956,179.7309,9.9487,bcu,1.3296763,4.141930961623895,9.064786984779749
4FGL J1202.5-0528,180.6291,-5.4709,fsrq,2.1953628,5.582852263933778,10.799479226043347
4FGL J1202.9+5141,180.7372,51.6899,bcu,1.0965483,3.6289363459930115,8.307190506127753
4FGL J1203.7+5821,180.9378,58.3638,bll,0.6530111,2.4373740855621264,6.21352366394308
4FGL J1204.4+3750,181.1076,37.8406,bcu,1.3109505,4.103148631891941,9.010271675164105
4FGL J1204.8+0407,181.2027,4.12,fsrq,0.53138345,2.0508668955947016,5.4210177700622495
4FGL J1209.7+2548,182.4444,25.8007,fsrq,0.53310955,2.0565543146499525,5.433124101360629
4FGL J1210.3+3928,182.5993,39.4798,bll,0.21106513,0.8877130081417276,2.631480356164385
4FGL J1211.8-4817,182.9577,-48.2948,bcu,0.43966326,1.7399641835849586,4.737999275560409
4FGL J1212.1+6412,183.0372,64.2019,bcu,0.6165803,2.3245905167924548,5.988491761930211
4FGL J1214.6-1926,183.6702,-19.4481,bcu,1.3773783,4.238949104046702,9.19924711490495
4FGL J1215.0+5351,183.7663,53.8528,bll,0.6790117,2.51635083727308,6.368143401586823
4FGL J1216.2-6121,184.0505,-61.3587,bcu,1.5089924,4.494067144089219,9.540010188917256
4FGL J1216.3-1032,184.0787,-10.5338,fsrq,1.3363297,4.155614934037063,9.083917357799862
4FGL J1219.8+6600,184.9702,66.0037,fsrq,0.78363556,2.82181940703661,6.943961561405783
4FGL J1221.1+4742,185.291,47.7149,bll,0.7419238,2.702355311542497,6.722903093585592
4FGL J1221.2+6910,185.304,69.1681,bcu,0.47945666,1.8769639183223281,5.0441773860593315
4FGL J1221.9+3543,185.4895,35.7262,bll,0.61432886,2.3175379955312705,5.974252887279205
4FGL J1223.8+4649,185.9647,46.8243,bll,0.5489635,2.1085148259477586,5.543099050556746
4FGL J1223.9-0545,185.9965,-5.7548,bcu,1.7087035,4.849223422450537,9.984530794577902
4FGL J1225.0+0330,186.2519,3.5098,fsrq,0.86698896,3.051713305969653,7.354897997934181
4FGL J1225.4-1550,186.3699,-15.847,bcu,0.6680211,2.4831194308473714,6.303377297121836
4FGL J1225.6-4937,186.414,-49.6176,bcu,1.3987166,4.281540905136887,9.257419322836522
4FGL J1225.8-2941,186.465,-29.6971,bcu,0.6956753,2.56631303311264,6.464719808693507
4FGL J1227.8+6053,186.9749,60.8841,bcu,0.45817193,1.8040925923990963,4.882358216262691
4FGL J1229.1+5521,187.2977,55.352,bcu,0.9766562,3.3372199722590334,7.839719102406956
4FGL J1229.7-5304,187.4442,-53.0704,bll,0.34039706,1.3837230345279419,3.901468037534297
4FGL J1234.0-5735,188.5194,-57.5961,bcu,0.57746166,2.200667725010159,5.735381784861846
4FGL J1234.2+2813,188.5695,28.2326,bll,0.6658076,2.476399698326362,6.290229145465156
4FGL J1235.1-1405,188.7953,-14.0893,bll,0.7131913,2.6182877034530185,6.564179107480087
4FGL J1237.0+3019,189.2534,30.319,bll,0.5769456,2.1990131211361055,5.731960161900261
4FGL J1239.5+4134,189.8934,41.5683,bll,0.5930304,2.2503411871627494,5.8375840423241785
4FGL J1240.1-6846,190.0475,-68.7734,bcu,0.7793866,2.809787858893685,6.92193436174125
4FGL J1240.4-7148,190.116,-71.8156,bcu,0.2679773,1.110477204272315,3.217816329749858
4FGL J1241.6+3844,190.423,38.7469,bcu,1.1647897,3.7861564147843296,8.54790393972166
4FGL J1242.6+7635,190.666,76.5856,bll,0.36866698,1.4873114676216201,4.150913803103879
4FGL J1250.2+3157,192.5535,31.9582,bll,0.57448655,2.1911217208689666,5.715625800717192
4FGL J1251.3-1719,192.837,-17.321,fsrq,1.2776105,4.033100861209897,8.910687343592729
4FGL J1252.8-3321,193.2202,-33.3564,fsrq,0.47210288,1.851892596164227,4.988768010370945
4FGL J1254.9-7141,193.7267,-71.6931,bcu,1.4731212,4.426296036843412,9.45127330369901
4FGL J1256.1-5919,194.0333,-59.3198,bcu,0.44689175,1.7650939619191783,4.7947885581611365
4FGL J1259.5+2332,194.8872,23.5491,bcu,0.8890711,3.110711865532794,7.457362959499283
4FGL J1300.3+5353,195.0868,53.899,bll,1.2734823,4.024337169812261,8.898126247867413
4FGL J1302.7+4750,195.687,47.8495,bll,0.89456284,3.125263935504286,7.4824513142757
4FGL J1304.0-5539,196.0049,-55.6515,bcu,1.6093402,4.677053411753521,9.77328899108049
4FGL J1305.9+3858,196.4776,38.9759,bll,0.42795599,1.6990328045526808,4.644889508367914
4FGL J1306.5+1926,196.6291,19.4391,bcu,1.248285,3.970407743867795,8.820325528062273
4FGL J1307.1-0344,196.7818,-3.7498,bcu,0.75905967,2.7517989410218626,6.815029324836232
4FGL J1308.1-3801,197.0294,-38.0178,bcu,0.31583184,1.2923119625400519,3.676970745253413
4FGL J1308.4-6706,197.1104,-67.1081,bcu,1.4242967,4.3319582050536845,9.325610210516842
4FGL J1310.1-0450,197.5428,-4.8433,bcu,1.159763,3.7747836588409083,8.530749330368321
4FGL J1310.7-5553,197.6837,-55.8867,bcu,1.58926,4.6411919429010515,9.728290022093644
4FGL J1313.6+0159,198.4232,1.9936,bll,1.1155577,3.6733519070855682,8.375976221223842
4FGL J1314.7-0901,198.6865,-9.0322,bcu,0.2417196,1.008581465876582,2.9529555360644992
4FGL J1315.1-5333,198.7978,-53.5649,bll,1.1928879,3.849133160899153,8.642178485758848
4FGL J1315.4+8453,198.8673,84.8871,bcu,1.2990475,4.078288228324739,8.975094132393851
4FGL J1315.9-6349c,198.9926,-63.8294,bcu,1.011501,3.4241205887427064,7.981863737294102
4FGL J1316.7+2054,199.1905,20.9098,bcu,0.5750868,2.193049087209814,5.719617597505555
4FGL J1317.1+6613,199.2822,66.222,bcu,1.0497395,3.5174639777711842,8.13180072789512
4FGL J1317.6+7450,199.4106,74.8383,bcu,0.77349836,2.793063210886226,6.891227704813063
4FGL J1322.0-5921,200.5183,-59.3571,bcu,0.7775575,2.804598961638458,6.912418371636765
4FGL J1325.3+6621,201.3416,66.3574,bll,0.63848096,2.3926910329499003,6.124968978793662
4FGL J1326.1-6800,201.5352,-68.0014,bcu,1.5728519,4.611612604034671,9.690911654922452
4FGL J1326.1+2933,201.538,29.5529,bll,0.4035909,1.612925020497533,4.446511156023685
4FGL J1326.2+4115,201.559,41.2593,bll,0.6167306,2.325060979701476,5.989440909619508
4FGL J1326.6+0152,201.6598,1.8798,bcu,0.4233367,1.6828037888448333,4.607761046845538
4FGL J1326.8-5256,201.7201,-52.9376,bll,1.2289299,3.9284640324368776,8.759214318052868
4FGL J1327.0+3154,201.7683,31.9013,bcu,0.40756246,1.6270460471581554,4.479278265730026
4FGL J1328.6+1145,202.1667,11.7627,bll,0.38459197,1.5449117335520146,4.287385337157401
4FGL J1329.0-5607,202.2672,-56.1186,bll,1.3237444,4.129688745807658,9.047625924364647
4FGL J1330.2-7003,202.5616,-70.0586,bcu,1.2687769,4.014323617198435,8.88374579731498
4FGL J1330.4+2416,202.612,24.2727,bll,0.8389925,2.975780867312874,7.221239236085399
4FGL J1333.0-6626,203.2648,-66.4387,bcu,1.2646885,4.005601809660331,8.871196126605234
4FGL J1336.2+2107,204.0507,21.1204,bll,0.49623913,1.9337662113739538,5.168698198173546
4FGL J1336.5-1529,204.1488,-15.4921,bcu,0.88481784,3.099408656868578,7.437825463958579
4FGL J1338.1-0931,204.5312,-9.5174,bcu,0.50545067,1.9647001001903095,5.235922636290598
4FGL J1340.1+3857,205.0427,38.9623,bcu,1.2155151,3.8991250779929487,8.7161531374234
4FGL J1340.4+6926,205.1099,69.4446,bcu,1.6509765,4.750251330332932,9.864063500949856
4FGL J1341.7-3907,205.4326,-39.1223,bcu,0.7762411,2.8008609642796882,6.905557139859587
4FGL J1346.3+7227,206.5988,72.4612,bcu,0.79070073,2.841757115360308,6.980347775928988
4FGL J1347.4+7309,206.8557,73.1545,bcu,0.9262787,3.20837841412183,7.624355387848126
4FGL J1347.9-0618,206.9929,-6.3013,bcu,0.9544805,3.280978491765343,7.746392720936443
4FGL J1348.9+0756,207.2452,7.9449,bll,0.34592992,1.4041320038864666,3.95102665314819
4FGL J1349.5-7153,207.3767,-71.8837,bcu,1.2676582,4.011939058411578,8.880316941506939
4FGL J1353.6-6640,208.4055,-66.6719,bll,0.2162232,0.9081950794821915,2.6865242906567346
4FGL J1354.1-8750,208.5448,-87.8397,bcu,0.95403415,3.279838880105617,7.744490762531729
4FGL J1354.7+0623,208.6951,6.3899,bll,0.41491818,1.653111708167582,4.539519720403826
4FGL J1356.2-2454,209.0635,-24.9101,bcu,1.5376908,4.547375541126235,9.608916072474367
4FGL J1358.9-0703,209.7392,-7.0621,bcu,1.5773389,4.619726297958217,9.701188301678425
4FGL J1359.4+1809,209.8631,18.1611,bcu,0.36149365,1.4611887960969476,4.088499078052233
4FGL J1400.6-5605,210.1567,-56.0879,bcu,0.9977035,3.389923331478057,7.926223026456782
4FGL J1403.6+3606,210.9023,36.1117,bcu,0.32544097,1.328224376803417,3.765664000371391
4FGL J1406.5-0054,211.6411,-0.9007,bll,1.0517673,3.5223560862462975,8.139581247312321
4FGL J1407.1+5312,211.7921,53.2083,bll,0.9550096,3.2823289889906766,7.748646075096018
4FGL J1407.5-2706,211.8913,-27.1041,bll,0.3393633,1.379902510997622,3.892168040084279
4FGL J1408.7+3617,212.1754,36.2885,bcu,0.71606576,2.6267642369535227,6.580303164301935
4FGL J1409.7+5940,212.4382,59.672,bll,0.68808216,2.5436094816974832,6.420952290453331
4FGL J1410.3+6058,212.5967,60.977,bll,0.57408035,2.1898170381826922,5.712922789492335
4FGL J1412.2+2132,213.0705,21.5425,bcu,1.1717514,3.8018534399675956,8.57151582106265
4FGL J1414.5+0826,213.6421,8.4372,bcu,0.98275006,3.3525465234767418,7.864969660971486
4FGL J1415.9-1002,213.976,-10.0483,fsrq,2.143359,5.5120767422268315,10.726640779818007
4FGL J1416.0+1320,214.0034,13.3386,bcu,0.18683411,0.7907138331919491,2.3675936749631825
4FGL J1416.0+3443,214.0143,34.7202,bcu,1.5766445,4.618471865024763,9.699600631421557
4FGL J1417.9+4613,214.4818,46.2327,fsrq,1.312937,4.10728175109262,9.016102454462395
4FGL J1419.6-5153,214.9222,-51.8901,bcu,0.9287818,3.214871434837976,7.6353421972945705
4FGL J1421.1+3859,215.2922,38.9966,fsrq,1.1357573,3.7200195928801865,8.447583324248166
4FGL J1422.5+3223,215.6371,32.385,fsrq,0.9542961,3.2805077219803294,7.745607080907466
4FGL J1423.6-7829,215.9156,-78.485,fsrq,1.5044931,4.485636666414098,9.52904115043009
4FGL J1424.5+3433,216.1304,34.5555,bll,0.53217465,2.0534746013662515,5.426570267369648
4FGL J1424.5+3705,216.1447,37.0954,bll,0.4927531,1.9220145879945194,5.143051626190468
4FGL J1424.8-6808,216.2169,-68.1489,bcu,1.1969608,3.858178893333477,8.655620066200534
4FGL J1425.8+1423,216.4644,14.3863,fsrq,1.2730435,4.023404466682334,8.89678805211153
4FGL J1428.3+5635,217.0828,56.5947,fsrq,1.162307,3.780543448516534,8.539442353021398
4FGL J1428.7-1017,217.1991,-10.2964,bcu,0.55517334,2.1287313999381636,5.585582884016742
4FGL J1430.5+3647,217.6397,36.7963,fsrq,1.012224,3.4259049289204553,7.9847564496073975
4FGL J1431.0-4458,217.7661,-44.98,bll,1.3233432,4.128859312668628,9.04646164715277
4FGL J1433.7-7304,218.4321,-73.0795,bll,0.33648878,1.3692668820319038,3.8662407429907684
4FGL J1434.5+5428,218.6252,54.4833,bcu,1.087057,3.606576975389368,8.272327375269862
4FGL J1437.3-3239,219.3259,-32.6569,bcu,1.3804255,4.2450615163543635,9.207627464179517
4FGL J1438.1-2201,219.5402,-22.0305,fsrq,1.0500653,3.51825036632799,8.133051936949512
4FGL J1438.4+2924,219.6139,29.4101,bll,0.4819051,1.8852868066123472,5.062510602242223
4FGL J1438.6+1205,219.6598,12.0855,bll,0.3739852,1.506607485001795,4.196807580188913
4FGL J1449.6-2137,222.422,-21.6271,fsrq,1.2074401,3.881357554269339,8.689948912537018
4FGL J1451.8-3851,222.9562,-38.8536,bcu,0.6999114,2.5789334951556158,6.488964505648869
4FGL J1454.8-2456,223.7199,-24.9468,fsrq,1.3217381,4.125539131976819,9.041799088476512
4FGL J1455.0+0247,223.7616,2.7958,bll,0.55367476,2.1238596420508142,5.575360736817679
4FGL J1458.1+4119,224.5255,41.3274,bcu,0.42279094,1.6808834075861228,4.603359665821274
4FGL J1459.0-5353,224.7741,-53.8928,bcu,0.9352718,3.231661519243531,7.663686546203115
4FGL J1503.3-8136,225.8319,-81.6159,bcu,1.1665473,3.790125261646297,8.553881146643151
4FGL J1503.6-6427,225.91,-64.4517,bcu,1.1146429,3.671225584340518,8.372697351903376
4FGL J1503.7-5801,225.9257,-58.0299,bcu,1.4871668,4.452984973961371,9.48637134963398
4FGL J1503.9-4247,225.997,-42.7999,bcu,1.165552,3.7878782561614432,8.550497682194726
4FGL J1507.2-1651,226.8071,-16.8609,fsrq,0.92215174,3.1976519854730756,7.606173970542572
4FGL J1508.5-4951,227.1437,-49.8622,bcu,1.8905119,5.143139777886479,10.327230120854866
4FGL J1510.4-3017,227.6063,-30.2936,bcu,1.0096654,3.419586988389842,7.974509339361601
4FGL J1512.9-5639,228.2495,-56.6553,bcu,1.2367368,3.945436780261401,8.784006954939983
4FGL J1513.0-6549,228.2712,-65.828,bcu,1.6641743,4.773132736672524,9.892145310148623
4FGL J1513.4-0753,228.3685,-7.8903,bll,0.5267943,2.035716893075954,5.3887025974766205
4FGL J1514.8-4748,228.7002,-47.8141,fsrq,0.9220518,3.197391903538548,7.60573264437015
4FGL J1515.7-2321,228.9344,-23.3645,bcu,0.36518374,1.4746405204366972,4.120680153260833
4FGL J1516.0+2424,229.0096,24.408,bll,0.35974768,1.454813934723941,4.073217800467162
4FGL J1516.4-1523,229.1084,-15.3853,bll,0.321867,1.3148906443367931,3.732808838810666
4FGL J1517.3+6630,229.3307,66.5075,bcu,1.5950302,4.65153484960862,9.74130398583416
4FGL J1521.7+1650,230.4373,16.8397,bcu,1.3213255,4.1246851879734345,9.040599366445635
4FGL J1523.1+3413,230.7842,34.2306,bcu,1.0303347,3.4703559070747043,8.056484198550285
4FGL J1523.2+2818,230.8247,28.3127,bcu,0.7336179,2.6782039101327593,6.677573961611721
4FGL J1524.2+1523,231.0535,15.3853,fsrq,0.8758979,3.0756099304226217,7.396545357256171
4FGL J1524.8-5904,231.2077,-59.0679,bcu,1.0213894,3.448459418321463,8.021231527676143
4FGL J1525.7-4334,231.4281,-43.5747,bcu,1.8837327,5.132637664422165,10.3153659368467
4FGL J1527.4+1717,231.8711,17.2923,bcu,1.5962436,4.653705935817889,9.744032077902027
4FGL J1532.7+2342,233.1866,23.708,bcu,1.0923698,3.6191078387270066,8.291885204852171
4FGL J1535.8-4730,233.9586,-47.5085,bcu,1.3073695,4.095686561428829,8.999731898879375
4FGL J1536.9-3731,234.2386,-37.5322,bcu,0.2800594,1.156856772595003,3.3365523551779157
4FGL J1540.1+4142,235.0281,41.7113,bll,0.70855546,2.604585760063216,6.538058052263642
4FGL J1541.1+3451,235.2762,34.8614,bcu,0.6640527,2.4710657402759053,6.279780029861073
4FGL J1543.3+1026,235.8495,10.443,bcu,1.017521,3.438954711588889,8.005880740057776
4FGL J1543.6+6551,235.9023,65.8647,bcu,0.50218314,1.9537468838953522,5.212166658937463
4FGL J1544.3-0649,236.0785,-6.8255,bcu,0.21230893,0.8926573252408694,2.6447892449422863
4FGL J1544.7+5017,236.1828,50.2871,bll,0.5427191,2.088108754597372,5.500044256672166
4FGL J1545.0-6642,236.2507,-66.7017,bll,0.20737639,0.8730296884574613,2.59187580497616
4FGL J1546.4-2903,236.6231,-29.0558,bcu,0.88016987,3.0870235586909818,7.416367316234094
4FGL J1547.9-6403,236.9922,-64.0511,bcu,2.1682124,5.54610473767532,10.76180978863209
4FGL J1548.3+6615,237.0982,66.2639,bcu,0.5545231,2.1266180687013323,5.58114980513621
4FGL J1548.4-2109,237.1025,-21.1656,bcu,0.6400168,2.397432757221587,6.134403445137019
4FGL J1549.0+4821,237.2583,48.3617,bll,0.40800822,1.6286288847983563,4.482945391565866
4FGL J1549.0+7846,237.2624,78.783,bcu,0.31184435,1.2773507062212268,3.6398298237438533
4FGL J1553.3+0600,238.3284,6.0127,bll,0.97423935,3.3311261263349574,7.8296578531297
4FGL J1553.5-6910,238.3897,-69.1818,bcu,0.31404614,1.285616191287358,3.6603626052169758
4FGL J1554.0-0243,238.5185,-2.7314,bcu,1.2687733,4.014315946016802,8.883734769316591
4FGL J1555.2-4149,238.8244,-41.8282,bcu,1.2887491,4.056646979743257,8.944323552316668
4FGL J1556.1+2812,239.0464,28.2068,bcu,0.45462596,1.7918616365170168,4.854967315073534
4FGL J1556.6+1417,239.1532,14.2857,bcu,1.4214815,4.326443413593405,9.31818649115786
4FGL J1558.1+6239,239.5386,62.6538,bcu,0.89843607,3.1354985857426003,7.500052684603726
4FGL J1558.9-6432,239.7377,-64.5404,bll,0.24385741,1.0169338874178404,2.9748755705984053
4FGL J1559.8-0425,239.9645,-4.4309,bcu,0.9009513,3.1421321814568643,7.511441837713032
4FGL J1600.3-5811,240.0983,-58.184,bll,1.2600892,3.9957663499235725,8.85701686463923
4FGL J1602.0-0641,240.5039,-6.6856,bcu,1.4488178,4.379643976494766,9.389443393862232
4FGL J1603.5+1552,240.8816,15.8733,bcu,0.67675865,2.5095565776519764,6.354936348962399
4FGL J1603.8-4903,240.9665,-49.0617,bll,0.36010134,1.456105740751512,4.076315992872961
4FGL J1604.5-4441,241.1277,-44.6903,bll,0.7627092,2.7622630395182473,6.834411261092941
4FGL J1604.7+1734,241.1857,17.5717,bll,0.758651,2.7506257417155795,6.812853782413725
4FGL J1604.9-3414,241.2289,-34.2385,bcu,0.57313275,2.186772168076021,5.706611784601488
4FGL J1605.8+7208,241.4536,72.1386,bcu,0.47025448,1.8455733575352367,4.974758423906417
4FGL J1606.2+1346,241.568,13.768,bll,0.2002769,0.8446856361898212,2.5150820409812558
4FGL J1606.6+1324,241.6681,13.4042,bcu,0.8331374,2.9597383511830775,7.192741451818333
4FGL J1606.8-0351,241.7117,-3.8625,bcu,1.0684774,3.5624506566555696,8.2030593091186
4FGL J1607.8+2541,241.9749,25.6834,bll,0.43241358,1.7146513542417205,4.6805079633445095
4FGL J1608.0-1625,242.0209,-16.4185,bcu,1.389103,4.2624126876769735,9.231358151545251
4FGL J1610.3-3958,242.5981,-39.9737,fsrq,1.0789088,3.5872835406961014,8.242117360257385
4FGL J1611.1+2501,242.7811,25.0176,bcu,1.0412368,3.4968880105810713,8.098991913487046
4FGL J1611.3-0930,242.8388,-9.5078,bcu,0.7985468,2.8637989105390056,7.0204068461784175
4FGL J1612.4-0554,243.1206,-5.9098,bll,1.3720827,4.228302558229988,9.184624646753326
4FGL J1613.5-4225,243.3822,-42.4223,bcu,0.8568515,3.024365662671674,7.3069923208596546
4FGL J1614.4+5028,243.6016,50.4723,bcu,0.3389166,1.3782509047246134,3.8881454438775673
4FGL J1614.8-0850,243.7106,-8.8379,bcu,0.5832386,2.219154487467387,5.773535283456668
4FGL J1616.5-3500,244.1297,-35.0019,bcu,1.7571669,4.93014063456819,10.081105688310126
4FGL J1617.3-5849,244.3486,-58.8257,fsrq,1.5059415,4.4883527513555,9.532577244816746
4FGL J1618.8+0620,244.7164,6.3458,bll,1.0869615,3.60635137522441,8.271974808875424
4FGL J1621.3-0030,245.3455,-0.5091,bll,0.64936703,2.4262049751019634,6.191461504903725
4FGL J1622.9+4401,245.7389,44.026,bll,0.6366349,2.3869856677732937,6.113605462431261
4FGL J1624.9-4210,246.2297,-42.1764,bcu,1.5579648,4.584557655190498,9.656514785026978
4FGL J1625.2-3600,246.3117,-36.009,bcu,1.2760115,4.029708751437489,8.905828098187158
4FGL J1626.0+5436,246.5071,54.6068,bcu,1.4740611,4.4280881930509866,9.453636358697825
4FGL J1626.5-7435,246.6358,-74.594,bcu,0.65861666,2.4545068584283016,6.2472712603660865
4FGL J1628.8-6149,247.2171,-61.8313,fsrq,1.6483891,4.745747558595419,9.858519689633262
4FGL J1631.0-5302,247.7563,-53.0406,bcu,1.1028129,3.643627378981633,8.330011033986557
4FGL J1631.2+4926,247.8008,49.4481,fsrq,0.7796731,2.8106000984538126,6.923423053341212
4FGL J1631.5+4219,247.8785,42.3264,bll,0.49206305,1.9196854538986345,5.137961450263539
4FGL J1633.5+2806,248.3896,28.106,bcu,1.544488,4.559885136075341,9.624972531662106
4FGL J1635.3+0911,248.8298,9.1844,bcu,1.4326165,4.348207646222086,9.347434239785473
4FGL J1636.3+7128,249.0954,71.4803,bcu,1.1780914,3.8160947634112787,8.59287248166891
4FGL J1636.9-4103,249.2432,-41.0655,bcu,1.4062685,4.296497576536361,9.277724164072948
4FGL J1637.2+4327,249.3249,43.4565,bll,0.5417728,2.0850095895277403,5.493490097690961
4FGL J1637.8-3449,249.467,-34.8189,bll,0.6228922,2.3443107474429934,6.028201283555742
4FGL J1642.3-8108,250.5855,-81.1375,bll,0.7918849,2.8450904810163644,6.98641712730113
4FGL J1642.4+6855,250.6169,68.9266,fsrq,0.5927611,2.2494859541701384,5.835832893849571
4FGL J1643.0-7714,250.7719,-77.2488,bll,1.1146983,3.671354385587865,8.372896008603316
4FGL J1644.5-4602c,251.144,-46.0478,bcu,1.2700734,4.017085309991239,8.887714836668707
4FGL J1644.8-2154c,251.2231,-21.9105,bcu,1.1426294,3.735773662323349,8.471603126151246
4FGL J1647.6-1210,251.9003,-12.1753,bcu,1.848836,5.078035646791883,10.253232122445574
4FGL J1648.1-2920,252.0402,-29.3402,bcu,1.4605981,4.4023322471065125,9.419589370684445
4FGL J1649.3+8252,252.3422,82.8755,bcu,0.5943396,2.2544968998279495,5.846088937205315
4FGL J1650.3-5045,252.5894,-50.7515,bll,0.7797578,2.8108401995438044,6.923863070321613
4FGL J1651.0-1523,252.7592,-15.3883,bcu,1.2927396,4.065047312652957,8.956283960400446
4FGL J1654.0-3509,253.5107,-35.1552,bcu,0.5296191,2.0450472922344622,5.408615943367299
4FGL J1655.1-2239,253.79,-22.6527,bcu,0.43878376,1.7368991849877724,4.731053385008238
4FGL J1655.9+3248,253.9909,32.8081,bll,0.7533866,2.735486814010842,6.7847352596565065
4FGL J1656.3-3301,254.0946,-33.0189,fsrq,2.0015633,5.310484979382097,10.512550554713044
4FGL J1657.7+0738,254.4417,7.6334,fsrq,0.97066605,3.3221004657879396,7.814733396421126
4FGL J1659.7-3131,254.9455,-31.5209,bcu,0.32184651,1.3148141207679644,3.73262002372215
4FGL J1701.7-5621,255.4389,-56.3588,bcu,1.042118,3.499025195456431,8.10240604982985
4FGL J1705.3-6946,256.3427,-69.7753,bcu,0.7513152,2.72951678848444,6.7736235447122874
4FGL J1705.5-7423,256.385,-74.3953,bll,0.28373677,1.1709098669199467,3.3723080196639317
4FGL J1706.9+4543,256.7427,45.7248,fsrq,0.7434864,2.7068853511604303,6.731381300922019
4FGL J1707.9+0016,256.9886,0.2731,bcu,1.0678898,3.5610473483898217,8.200846266004104
4FGL J1709.0-3525,257.2514,-35.4315,bcu,0.8447996,2.991636143138398,7.249315241569147
4FGL J1710.3-3943,257.5945,-39.7223,bcu,1.2797027,4.037534700769578,8.917033737692487
4FGL J1711.1+0242,257.7765,2.7005,bcu,0.46284574,1.8201740344356865,4.918270859577605
4FGL J1711.1-4600c,257.7816,-46.0058,bcu,1.3405044,4.164175585248152,9.095857540497068
4FGL J1711.6-5027,257.903,-50.454,bcu,1.2974943,4.075032185658806,8.97047335782232
4FGL J1712.5-3142,258.1404,-31.702,bcu,1.2404565,3.953497598099487,8.795751315007733
4FGL J1713.2-3417,258.3235,-34.294,bcu,0.5805204,2.2104640772851143,5.75561714193959
4FGL J1715.4-4025,258.869,-40.4294,bcu,0.99196434,3.3756169198522055,7.902831934388245
4FGL J1716.3-3421,259.0805,-34.352,bcu,1.2324216,3.936064414082525,8.770327157227694
4FGL J1716.6-6707,259.1546,-67.1177,bcu,0.8896004,3.112116491150911,7.459787767318826
4FGL J1717.5-3342,259.3985,-33.7003,bll,1.2934238,4.066485749593625,8.958329920603415
4FGL J1717.6-5154,259.4026,-51.909,fsrq,1.7397772,4.901328863182908,10.046914993726688
4FGL J1718.0-3055,259.5229,-30.9298,bcu,0.7431435,2.7058916383610385,6.729522166006143
4FGL J1720.0-5101,260.0239,-51.0167,bcu,1.8142294,5.022975492126938,10.189807992599722
4FGL J1725.4+5254,261.3613,52.9144,bcu,0.3862176,1.5507612071629835,4.301156355875321
4FGL J1727.9-0654,261.9879,-6.9124,bcu,1.1768273,3.813259348159,8.58862538136797
4FGL J1730.6+3805,262.6642,38.0855,bcu,0.3617068,1.4619665990841137,4.09036221967887
4FGL J1731.6-3002,262.9192,-30.0457,bll,0.9310218,3.2206737902873837,7.645148269768118
4FGL J1731.9-2719,262.9821,-27.3294,bcu,0.6224221,2.342844628063182,6.0252543628653825
4FGL J1733.4+1521,263.3507,15.3547,bcu,1.6414889,4.7337077955494475,9.843673030729606
4FGL J1733.4-3943,263.3722,-39.725,bcu,0.28860074,1.189452280299467,3.4193293678765
4FGL J1733.4+4517,263.3728,45.2892,bll,0.422604,1.6802254727957187,4.601851336516501
4FGL J1735.0-0132,263.7734,-1.5493,bcu,0.35650218,1.4429466479889035,4.044718253199869
4FGL J1736.9-3357,264.23,-33.9633,bcu,1.107483,3.654544712015525,8.346925574495543
4FGL J1737.6-1503,264.4203,-15.0589,bcu,1.3116978,4.104703997263031,9.012466487802143
4FGL J1738.0+0236,264.5065,2.6116,bcu,1.8679872,5.108113897006009,10.287552932405903
4FGL J1738.3+3228,264.584,32.4823,fsrq,1.2556458,3.986240316423788,8.843256186278586
4FGL J1738.8+3822,264.7157,38.3727,bcu,0.37680554,1.5168159835908235,4.221015666872236
4FGL J1738.8-3418,264.7225,-34.31,bcu,1.1410316,3.7321162796411302,8.466033690051535
4FGL J1741.5-3119,265.3781,-31.3302,bcu,0.8803873,3.0876036965801155,7.417373633459924
4FGL J1741.8-2537,265.4577,-25.6206,bcu,0.43616432,1.7277610549684943,4.710319369388228
4FGL J1742.4-1518,265.6097,-15.3079,bcu,0.99539685,3.38417918399638,7.916839386555555
4FGL J1743.9-1824,265.9848,-18.4132,bcu,1.3681448,4.220365750937913,9.173702632235635
4FGL J1743.9+3747,265.9996,37.794,fsrq,0.6199556,2.335145375052214,6.009764733536886
4FGL J1744.1+4635,266.0325,46.595,bcu,0.5827644,2.2176394478766244,5.770413746096951
4FGL J1744.9-1727,266.235,-17.4514,bcu,0.25331602,1.0537685823169043,3.071096107784975
4FGL J1745.1+4102,266.2927,41.0389,bcu,0.69011194,2.549688818547527,6.432691195389787
4FGL J1746.8-5235,266.7199,-52.5868,bcu,1.8981533,5.154937071223887,10.340524266004829
4FGL J1747.4+2330,266.8689,23.5048,fsrq,1.5648624,4.597118847401245,9.67250954163054
4FGL J1747.4+2759,266.8689,27.9949,bcu,1.0612234,3.545093064294051,8.175641815562988
4FGL J1747.6-4211,266.9087,-42.1929,bcu,1.2631645,4.0023455725374815,8.866504973444505
4FGL J1748.5-0854,267.1366,-8.9017,bcu,0.38441342,1.544268917958235,4.285871014311426
4FGL J1749.0-2327,267.2518,-23.4554,bcu,1.2584258,3.9922030131045463,8.851872673912577
4FGL J1750.2+4704,267.551,47.0777,bll,0.6547245,2.4426171112777344,6.223863345160009
4FGL J1751.6-1750,267.9064,-17.838,bcu,0.35167676,1.425260548112492,4.002118075402774
4FGL J1752.1+4531,268.0298,45.5316,bcu,0.60701483,2.294560333005587,5.927723628643465
4FGL J1752.6-1010,268.1596,-10.1763,bcu,0.9061051,3.155693599774193,7.534678419372075
4FGL J1753.3-3325,268.3497,-33.4169,bcu,0.7239288,2.6498761280565843,6.624129498361995
4FGL J1753.4-5913,268.3596,-59.2257,bcu,0.37951624,1.5266116453208598,4.244198151860722
4FGL J1758.2+6532,269.5598,65.5393,bcu,1.083136,3.5973041233698857,8.257822522416523
4FGL J1758.3-3028,269.5981,-30.4684,bcu,0.8951463,3.126807189460212,7.485107677125967
4FGL J1758.7-1621,269.685,-16.3556,bcu,1.2386369,3.9495565103628456,8.790011711275492
4FGL J1759.1-3849,269.7931,-38.8217,bcu,1.7348125,4.893057690351611,10.03705965238065
4FGL J1801.5+2123,270.3972,21.3971,bcu,0.7264257,2.6571922099255287,6.637961048799258
4FGL J1801.8+2951,270.4549,29.8532,bcu,0.54352075,2.090732794231591,5.505590470452993
4FGL J1802.6-3940,270.6711,-39.6687,fsrq,1.1787643,3.8176032697450744,8.595131032349576
4FGL J1803.5+2756,270.8796,27.9403,bcu,0.42902043,1.702766179182522,4.653413653277114
4FGL J1803.9+0342,270.9939,3.7053,fsrq,0.9148176,3.1785246056576146,7.57365594582593
4FGL J1804.4+5249,271.1186,52.8323,bcu,0.33633435,1.36869499184219,3.8648450230046287
4FGL J1806.2+6143,271.5673,61.726,bcu,0.9677187,3.314641522482348,7.802379179822309
4FGL J1809.6-2443,272.4027,-24.7248,bcu,0.31662107,1.2952691060521417,3.684298445312341
4FGL J1810.0-4550,272.5231,-45.8391,bcu,1.2960042,4.07190579633907,8.9660336398296
4FGL J1811.2-2759,272.8079,-27.9956,bcu,0.25361046,1.0549120780380135,3.074071531501891
4FGL J1814.2+4114,273.5578,41.2358,fsrq,1.0997435,3.6364359995623925,8.318848708196414
4FGL J1815.2-2715,273.8131,-27.2574,bcu,0.7012109,2.5827985342603634,6.496377395676054
4FGL J1816.7+0951,274.1885,9.8562,bcu,0.5922359,2.247817640159243,5.832416053806084
4FGL J1817.9+2707,274.4893,27.1185,bcu,1.1877435,3.837677855487235,8.62512055769474
4FGL J1823.6-3453,275.9109,-34.8952,bcu,0.38584045,1.5494046160391979,4.297964064487749
4FGL J1824.5+0107,276.125,1.1251,bcu,1.6048781,4.669116348282304,9.763359505212026
4FGL J1826.1-2922,276.5493,-29.3757,bcu,0.80910677,2.893300331844478,7.073749740343077
4FGL J1827.4+3424,276.8623,34.4065,fsrq,1.3484927,4.180502073450118,9.11857028647295
4FGL J1828.5-5920,277.1422,-59.3495,bcu,0.4500019,1.7758729402663762,4.819060315989489
4FGL J1829.0-2417,277.2585,-24.2906,bll,0.18479751,0.7825024859111778,2.3450085116917045
4FGL J1830.0+3958,277.5034,39.9679,bcu,2.1125228,5.46932992789184,10.682066993150737
4FGL J1830.1+0617,277.5363,6.2878,fsrq,1.2862486,4.051373760079212,8.936804883563529
4FGL J1830.7-2713,277.6924,-27.2281,bcu,0.6003376,2.2734937026874094,5.884878100422496
4FGL J1833.6-2103,278.4101,-21.0574,FSRQ,1.3645245,4.213054074854048,9.163624806389217
4FGL J1834.7-5858,278.6874,-58.9818,bll,0.7685856,2.779063556278657,6.865445804911593
4FGL J1835.5+1349,278.8835,13.8176,bll,1.3940326,4.272233528444637,9.244751593493945
4FGL J1835.7-0541,278.9307,-5.6984,bcu,0.43481964,1.7230644672036448,4.699648308299214
4FGL J1837.3+1052,279.3296,10.8785,bcu,1.35084,4.185285968012937,9.125210795318223
4FGL J1837.4-1646,279.351,-16.7732,bcu,1.6145743,4.6863406403493295,9.784886007855066
4FGL J1838.5+5733,279.6498,57.5551,bll,0.655579,2.4452298480156514,6.229011880866021
4FGL J1839.6-7107,279.9142,-71.1243,fsrq,1.846095,5.073708059409478,10.24827518623998
4FGL J1840.3-3037,280.0891,-30.6171,bcu,1.4002362,4.28455539115442,9.261516858096766
4FGL J1840.5+3707,280.1475,37.1172,bcu,1.6479789,4.745032999977341,9.857639622947453
4FGL J1842.4+7613,280.6115,76.2171,bcu,1.317809,4.117399350080103,9.030354681662198
4FGL J1843.8-2011,280.9592,-20.1961,bcu,0.8990863,3.1372144385772205,7.503000060826311
4FGL J1844.4+1547,281.1174,15.7888,bll,0.61699426,2.3258861734286245,5.991105505154362
4FGL J1845.0+1613,281.2623,16.2186,bcu,0.9056391,3.1544691076786027,7.5325829172096155
4FGL J1849.2-1647,282.3148,-16.7835,bll,0.21121375,0.8883039764440055,2.633071816857133
4FGL J1850.1-0758,282.5394,-7.9701,bcu,0.3201727,1.3085599088445676,3.7171784131505894
4FGL J1851.5+3406,282.8762,34.1049,bcu,1.1683116,3.7941052500062047,8.559870263137048
4FGL J1855.4+7350,283.8528,73.8402,fsrq,1.221752,3.912793051471228,8.736246150613354
4FGL J1855.8-2028,283.9749,-20.4694,bcu,0.81105226,2.8987149636715417,7.083506312054411
4FGL J1857.8+3544,284.4562,35.7434,bcu,0.5480851,2.105648974853747,5.5370628801168
4FGL J1857.9+0313c,284.4784,3.2185,bcu,1.064926,3.553961892495492,8.18966276491363
4FGL J1858.1-1821,284.5268,-18.3569,bcu,0.37539852,1.511725256968911,4.208949895724927
4FGL J1858.5+0640,284.63,6.6766,bcu,0.745891,2.7138479948158722,6.74439744170468
4FGL J1859.0+2329,284.7715,23.4993,bcu,0.67154145,2.493787852066855,6.324215812155582
4FGL J1901.0+6208,285.2614,62.1436,bcu,0.85655916,3.0235745514921453,7.305602622916506
4FGL J1901.0-1739,285.2623,-17.6506,bcu,1.1599282,3.7751579362872905,8.531314523437242
4FGL J1902.4-0629,285.6021,-6.4843,bcu,0.2345353,0.9804390569808592,2.8788204400852924
4FGL J1902.8+3201,285.7152,32.0189,fsrq,1.1954725,3.854875858332015,8.650714785002801
4FGL J1907.2+0126,286.8176,1.4449,bcu,0.47412756,1.8588064342461845,5.004075659249664
4FGL J1907.7-1232,286.9402,-12.5382,bcu,0.7125672,2.6164453283811833,6.560670965307213
4FGL J1911.5+0311,287.8984,3.1842,bcu,0.61460054,2.318389532373137,5.975973173719256
4FGL J1912.0+1612,288.0206,16.2021,bcu,0.9651946,3.3082433777833753,7.791767217852174
4FGL J1912.1-0803,288.0284,-8.0589,bcu,1.0241474,3.455222727792051,8.032136865452689
4FGL J1912.2-2056,288.0509,-20.9481,fsrq,1.3379788,4.158998918835837,9.08863980317787
4FGL J1912.4+3738,288.1193,37.6495,fsrq,1.0771351,3.5830716736553256,8.235506614489196
4FGL J1913.2+0512,288.308,5.2059,bcu,1.709455,4.850493082609252,9.986059386864518
4FGL J1915.3+1149,288.8357,11.8178,bcu,1.4943181,4.46649780807653,9.504066089725203
4FGL J1916.8+4201,289.2088,42.0251,bcu,0.5829315,2.21817337187805,5.7715139321167035
4FGL J1919.2+0618,289.8136,6.3107,bcu,1.4551363,4.3918307588027545,9.40565399355921
4FGL J1919.4-4550,289.8547,-45.844,fsrq,0.9261621,3.208075719051086,7.623842850820218
4FGL J1921.7+5817,290.4473,58.2965,bcu,0.2748801,1.1370140115656402,3.2858908160176323
4FGL J1922.2+2314,290.5662,23.2477,bcu,0.5103068,1.9809386123771586,5.271046833893981
4FGL J1922.6-6324,290.6558,-63.4082,bcu,1.0959918,3.6276287359254886,8.305156009815489
4FGL J1923.5+7354,290.886,73.902,fsrq,1.4628888,4.406727554172926,9.425412713772118
4FGL J1925.0+2815,291.2683,28.2643,bcu,0.3595323,1.454027089647363,4.0713302821325055
4FGL J1925.1-3358,291.2856,-33.9797,fsrq,1.0802733,3.5905207697539576,8.24719452668795
4FGL J1925.7+1227,291.4312,12.4639,bcu,1.0920501,3.618354875752469,8.290711404501087
4FGL J1926.1+2059,291.5316,20.9948,bll,0.9160868,3.1818406490513054,7.579302386840519
4FGL J1930.3+0911,292.5854,9.1975,bcu,2.0672657,5.405508932566712,10.614697321154939
4FGL J1931.1+0937,292.784,9.6314,bll,0.47816288,1.8725610624793074,5.034466740946813
4FGL J1931.2+5958,292.8234,59.9744,bcu,0.6709363,2.4919555722541333,6.320639963311979
4FGL J1931.5+5229,292.894,52.4838,bcu,1.3480823,4.179665031929046,9.117407709777817
4FGL J1933.3+0726,293.341,7.44,bll,0.26064494,1.0821749936859726,3.1448043097115397
4FGL J1934.5+6139,293.6352,61.6522,fsrq,0.34568965,1.403247092543247,3.9488820745985964
4FGL J1942.1+4011,295.539,40.1984,bcu,0.5982344,2.2668403635254104,5.87130936025978
4FGL J1942.7+1033,295.696,10.5584,bll,0.2617902,1.0866033328020723,3.156256189623396
4FGL J1943.6-0533,295.9249,-5.5665,bcu,0.6157873,2.3221075875991817,5.98348104950974
4FGL J1943.9-2705,295.9981,-27.0903,bcu,0.63798785,2.3911676732004143,6.121936119125778
4FGL J1944.0+2117,296.0049,21.2904,bcu,0.53232384,2.0539661746265567,5.427616635998845
4FGL J1944.2+3921,296.0679,39.3645,bcu,0.72639203,2.657093628415443,6.637774806774592
4FGL J1946.0+0937,296.5129,9.6193,bcu,0.4176887,1.6628997609926668,4.562060354286015
4FGL J1946.4+6031,296.6041,60.5333,bcu,0.23698114,0.9900326208791419,2.9041409576946817
4FGL J1948.3+1207,297.0993,12.1167,bcu,1.3948998,4.273958478894529,9.247101192768188
4FGL J1949.0+1314,297.2503,13.2451,bcu,0.9956816,3.3848887057593426,7.917999048295468
4FGL J1949.2+7250,297.3178,72.8435,bcu,1.1014646,3.640469977835764,8.325112182287002
4FGL J1949.4+1247,297.3707,12.7931,bcu,0.8205579,2.9250795888490546,7.1308628917307315
4FGL J1949.5+0906,297.3902,9.1054,bll,0.41560614,1.6555437294515338,4.545124471973532
4FGL J1949.9-6134,297.4908,-61.5678,bcu,0.93366015,3.227498108036549,7.656666917506869
4FGL J1950.0-7321,297.5093,-73.3641,bcu,0.17438765,0.7403891464759156,2.2285642362894738
4FGL J1950.6+3456,297.6642,34.9434,bcu,0.5970136,2.2629745320457935,5.863417229738054
4FGL J1950.8+1211,297.7222,12.1995,bcu,1.573709,4.613163921046829,9.69287790756415
4FGL J1951.2-0951,297.8161,-9.8568,bcu,1.1502471,3.7531648336229306,8.498029484737064
4FGL J1951.6-4624,297.902,-46.4156,bcu,0.4526744,1.7851190987206396,4.839839037632186
4FGL J1953.0+7651,298.2542,76.8514,bcu,0.3508972,1.4223986183539323,3.995210314849265
4FGL J1955.2+1358,298.8201,13.9824,fsrq,1.2661347,4.008689263821948,8.87564120379571
4FGL J1958.1+2438,299.5284,24.6417,bcu,0.34535035,1.4019972434196184,3.945852418653586
4FGL J1959.0+3844,299.7663,38.7368,bcu,1.4306451,4.344363831789214,9.342278503355448
4FGL J2000.0+4214,300.0028,42.2371,bcu,0.7376643,2.6899850068172495,6.699712659496612
4FGL J2000.9+6614,300.2368,66.2476,bcu,1.1907233,3.8443171952371133,8.635011982481933
4FGL J2001.2+4353,300.3018,43.8862,bll,0.40012282,1.6005668768576435,4.417758640373679
4FGL J2001.5-0818,300.3754,-8.3162,bcu,0.5399832,2.0791437220938946,5.481073861684898
4FGL J2003.6+2333,300.9025,23.5634,bcu,1.4108607,4.305562834112233,9.289999913827556
4FGL J2009.9+3544,302.4892,35.746,bcu,0.99271816,3.3774987766090185,7.905912629520617
4FGL J2010.2-2523,302.5571,-25.3945,fsrq,1.3589013,4.20166870516024,9.147901409417418
4FGL J2012.0+4629,303.0204,46.488,bll,0.5734306,2.187729421873897,5.7085962635289205
4FGL J2013.0-3828,303.2686,-38.4768,bcu,0.9749423,3.3328994408783825,7.83258695547303
4FGL J2015.5+3710,303.8924,37.176,FSRQ,0.9475857,3.263341167295091,7.716908142904023
4FGL J2018.5+3852,304.6373,38.8715,bcu,0.6990986,2.576514470194308,6.484322092419284
4FGL J2021.4-2048,305.3693,-20.8019,bcu,1.2743558,4.026193184835689,8.900788396961381
4FGL J2023.2+3153,305.823,31.8876,bcu,0.66367096,2.46990469963075,6.277504114831819
4FGL J2023.4+4127,305.8711,41.4508,bcu,0.70060074,2.5809841458337544,6.492898223796292
4FGL J2023.8-4828,305.9727,-48.4726,bll,0.41946185,1.6691557061113311,4.57644391873401
4FGL J2024.8+2734,306.2059,27.5705,bcu,0.34837762,1.4131397755792834,3.9728351778811777
4FGL J2025.3+3341,306.3412,33.6891,bll,1.7804306,4.968301203962594,10.12605834438198
4FGL J2026.6+3449,306.6528,34.8291,bcu,0.6293158,2.364302283033846,6.068299479673256
4FGL J2029.5+4925,307.375,49.4221,bll,1.0766963,3.5820290217363335,8.233869246271004
4FGL J2030.8-6959,307.7045,-69.9927,bcu,0.34543294,1.402301495640337,3.9465900016662823
4FGL J2031.8+1619,307.9534,16.3198,bcu,0.7420911,2.702840526322056,6.723811562118067
4FGL J2031.9+2403,307.9785,24.0631,bcu,0.68934494,2.5473924812030853,6.42825873702172
4FGL J2032.3-5816,308.0859,-58.2792,bcu,0.61072075,2.306215592028535,5.951351675740644
4FGL J2035.9+4901,308.9807,49.028,bcu,0.7844576,2.824143563440935,6.9482105449831675
4FGL J2038.7+5117,309.6938,51.2851,fsrq,1.5215236,4.517442716304914,9.570321705676598
4FGL J2039.3+2150,309.833,21.8453,bcu,1.2861923,4.051254946873909,8.936635382478581
4FGL J2039.5+5218,309.883,52.3126,bll,0.44315234,1.7521075148026468,4.76547677724602
4FGL J2040.0+1237,310.0205,12.6179,bcu,0.5455981,2.097526644572561,5.5199366861385535
4FGL J2042.1+4209,310.546,42.1578,bcu,1.5906578,4.6437002706424515,9.731448787032141
4FGL J2046.9-0235,311.7472,-2.5867,bcu,1.3484355,4.180385421009622,9.118408278727339
4FGL J2047.1-7400,311.7846,-74.0033,fsrq,1.3050632,4.090872905276379,8.992924190004189
4FGL J2049.0-4020,312.259,-40.3488,bcu,0.40739587,1.6264543994187084,4.477907235246629
4FGL J2049.9-2453,312.4825,-24.8854,bcu,0.43228418,1.7141985469050458,4.679476887724721
4FGL J2053.8+2922,313.4539,29.3693,bll,0.510045,1.9800643893886136,5.26915875314374
4FGL J2054.5+4731,313.6486,47.5223,bcu,0.5351035,2.0631168835945184,5.4470763547547625
4FGL J2055.1-1028,313.7805,-10.4696,bcu,0.9765337,3.336911309754782,7.839209780836578
4FGL J2055.4-0504,313.8694,-5.0822,bll,0.42750353,1.6974451457658273,4.6412625961783345
4FGL J2056.7+4939,314.1913,49.6663,bcu,0.19070385,0.8062911543731159,2.4103324251055382
4FGL J2059.1-4103,314.7811,-41.0644,bcu,1.9789503,5.2771097553311,10.476146771784496
4FGL J2100.0+2103,315.0012,21.0615,bcu,0.70920116,2.606496542648156,6.541704970467133
4FGL J2102.3+4702,315.5784,47.0422,bcu,1.1967536,3.8577192137183904,8.654937602914273
4FGL J2103.4-7816,315.8673,-78.2774,bcu,1.2699165,4.016751200943923,8.887234783632758
4FGL J2106.7+3549,316.6892,35.8264,bcu,0.95002985,3.2696016984110217,7.7273858962992685
4FGL J2107.1-1453,316.7997,-14.8934,bcu,0.75013,2.726097522959999,6.767253515869727
4FGL J2107.9+6006,316.9796,60.1044,bcu,1.2569528,3.989044792710959,8.847310160345623
4FGL J2108.0+3655,317.0034,36.9297,bll,0.7326971,2.6755189541325133,6.672521243865925
4FGL J2108.3-4824,317.0893,-48.4087,bcu,0.83064824,2.9529010995453784,7.180568174403147
4FGL J2108.7+7532c,317.189,75.5361,bcu,1.3622833,4.208520459492535,9.157368288756071
4FGL J2109.7-4109,317.4435,-41.1575,fsrq,0.49758434,1.938294389345662,5.178564473382685
4FGL J2110.2-1021c,317.5641,-10.3603,fsrq,1.2889609,4.05709330242192,8.944959551488308
4FGL J2112.9-4818,318.2342,-48.3068,bcu,0.9550398,3.282406059986813,7.748774652483955
4FGL J2113.9+1120,318.4977,11.3378,bcu,1.5052648,4.48708403941617,9.53092575225568
4FGL J2114.7-2538,318.6817,-25.6381,bcu,0.8956352,3.12809991772133,7.487332187148517
4FGL J2115.8+6753,318.9543,67.8851,bcu,0.4862318,1.8999644039603383,5.094767863747598
4FGL J2116.3+1015,319.0755,10.2529,bcu,1.2717185,4.020586697409956,8.892743688608991
4FGL J2117.4+6159c,319.3703,61.9923,bcu,1.6903948,4.818143246334968,9.946979750467534
4FGL J2118.2+5752,319.5508,57.8703,bcu,1.1004211,3.638024661442089,8.321316002997369
4FGL J2118.2-5419,319.5721,-54.3291,bcu,0.34827125,1.412748591528326,3.9718889132442152
4FGL J2119.4+4652c,319.8665,46.8708,bcu,0.80374146,2.878334761189126,7.046728822182749
4FGL J2119.5-4541,319.8817,-45.6947,bcu,0.61666584,2.3248582758792975,5.98903197031599
4FGL J2120.6-6114,320.161,-61.2396,fsrq,0.9049731,3.152718491553966,7.529586156602985
4FGL J2120.7+4428,320.1938,44.4813,bcu,1.3608,4.2055169235900145,9.15322005591045
4FGL J2127.5+7420,321.8937,74.3375,bcu,1.0093107,3.4187103806287316,7.973086533121674
4FGL J2127.5-5744,321.8986,-57.7406,bcu,0.5406737,2.0814077652931107,5.485867853205149
4FGL J2128.7-1940,322.1952,-19.6735,bcu,0.38050133,1.5301675882475902,4.252602399473539
4FGL J2130.0+2610,322.5079,26.1826,bcu,0.76403344,2.766054240589134,6.841423536469506
4FGL J2133.6+8002,323.4049,80.0386,bcu,0.5190695,2.0101199758222057,5.3338831257730535
4FGL J2136.5+4259,324.1411,42.9938,bcu,2.12134,5.481613099124506,10.694920150724588
4FGL J2138.3-4933,324.5944,-49.5575,bcu,1.4039236,4.291859969613331,9.271435079068626
4FGL J2139.1+3724,324.7882,37.4131,bcu,1.1793125,3.8188317982476145,8.596969882050601
4FGL J2139.2-2214,324.8211,-22.2461,bcu,0.841092,2.981519579358617,7.231411382738269
4FGL J2139.2-2444,324.8232,-24.7454,fsrq,1.0250937,3.457540779644873,8.035871132724361
4FGL J2139.9+3910,324.9929,39.1711,bcu,1.2818342,4.042046539057706,8.923485795881161
4FGL J2142.1+4501,325.5291,45.0182,bcu,0.54912233,2.1090328585761697,5.544189786289581
4FGL J2144.8-1817,326.2132,-18.2988,bcu,0.37449434,1.5084516225807805,4.201184380062951
4FGL J2146.8+0425,326.708,4.4266,bcu,0.6881953,2.543948541804269,6.421607370597967
4FGL J2149.1+6104,327.2897,61.0705,bcu,2.0050433,5.3155902758142695,10.51809486799041
4FGL J2151.4+4156,327.8604,41.9409,bll,0.65688574,2.4492227342715087,6.236874940887902
4FGL J2151.7-2749,327.9251,-27.8234,fsrq,1.1950556,3.8539501197388493,8.64933938987303
4FGL J2155.2+2249,328.8129,22.8327,fsrq,1.318362,4.118546044015035,9.03196808869227
4FGL J2155.3+6602,328.8341,66.0359,bcu,1.8563057,5.0898001849345365,10.266683442478632
4FGL J2157.0+1002,329.2659,10.0337,fsrq,1.696016,4.827715857613187,9.958572519740622
4FGL J2158.5-7550,329.6348,-75.8359,bcu,0.42276084,1.680777475675737,4.603116828081183
4FGL J2200.6+0232,330.1565,2.5362,fsrq,0.7885319,2.835645799576547,6.969209940905961
4FGL J2201.0-5907,330.2553,-59.1167,bcu,0.13798554,0.5912597025819271,1.807818863266497
4FGL J2201.5+2950,330.3958,29.8469,bcu,0.4108201,1.6386038567174566,4.506028760418657
4FGL J2201.8+5048,330.4532,50.8053,fsrq,1.9521015,5.23702443862614,10.432059163185597
4FGL J2201.9-1706,330.4866,-17.1065,bll,0.67741793,2.5115456559684044,6.358804664062056
4FGL J2202.8-2328,330.7225,-23.472,fsrq,1.9958385,5.302068589217169,10.50339638625489
4FGL J2203.6+6751,330.9093,67.8529,bcu,1.3288164,4.140158772675334,9.062305449312113
4FGL J2205.0+7432,331.2719,74.5462,bcu,1.1324986,3.7125274444367258,8.436133152984434
4FGL J2207.0+3607,331.7735,36.1241,bcu,0.5084362,1.9746891194780387,5.2575424549816745
4FGL J2207.2-2122,331.8099,-21.3724,fsrq,1.1614629,3.778633273248536,8.536560535171336
4FGL J2208.1-4507,332.0443,-45.1261,bcu,0.3355316,1.3657213933239176,3.857585241327429
4FGL J2210.5+3623,332.626,36.39,bcu,0.4756432,1.8639765017491667,5.015508756304627
4FGL J2210.9-0026,332.7469,-0.4471,bll,0.27111503,1.12255264918822,3.2488391230218925
4FGL J2211.9+0821,332.9864,8.3509,bcu,0.78670025,2.8304783399894506,6.959781740794157
4FGL J2213.9+5948c,333.4995,59.8056,bcu,0.7189019,2.6351132626978444,6.596158272871414
4FGL J2215.4+6105,333.8724,61.0863,bcu,1.3974934,4.2791126042887475,9.254116690766587
4FGL J2221.8+3358,335.4661,33.9753,bcu,0.30779433,1.2621195329403032,3.601902827989552
4FGL J2222.8+1209,335.7098,12.1568,bcu,1.5011271,4.479316652763684,9.520805154105325
4FGL J2223.0+6746,335.7737,67.7729,bcu,0.9768713,3.337761904452213,7.840613264096603
4FGL J2223.4+5814,335.8733,58.2385,bcu,1.6175745,4.691652921583612,9.791509041390574
4FGL J2224.3+7737,336.0901,77.6201,bcu,1.3397831,4.1626978818333225,9.093797998634235
4FGL J2226.5+6901c,336.6294,69.0208,bcu,0.2201906,0.9239094509708053,2.7285971936093723
4FGL J2228.0-1918,337.0028,-19.3026,bcu,0.5889023,2.2372159156668596,5.810676523290038
4FGL J2228.0-4155,337.0038,-41.9324,bcu,0.45516148,1.7937104504429942,4.859111964662918
4FGL J2229.5+2549,337.3959,25.819,bcu,0.9175266,3.1855993862608565,7.585698108623501
4FGL J2231.6+2754,337.9043,27.906,bcu,0.33634815,1.3687460985430209,3.8649697574347037
4FGL J2232.3+7616,338.0921,76.267,bcu,0.4012451,1.6045687887360285,4.42707729645398
4FGL J2232.3+6246,338.0988,62.775,bcu,0.93818986,3.2391896773764173,7.676364393574011
4FGL J2237.4+5124,339.3732,51.415,bcu,0.42435077,1.6863703668735661,4.615930919936394
4FGL J2239.5-2440,339.8896,-24.6705,bcu,0.54292357,2.088778167164011,5.501459411969794
4FGL J2240.4+5133,340.1126,51.5608,bcu,1.2426709,3.9582883771607897,8.802722089166368
4FGL J2240.9-1825,340.2383,-18.4319,bcu,1.0883404,3.609607550153651,8.277061973017185
4FGL J2241.1-4122,340.2789,-41.3771,bcu,0.63598615,2.3849791409987415,6.109605967765075
4FGL J2241.5+0454,340.3846,4.9045,bcu,0.23034412,0.9639690913916359,2.8352337801499012
4FGL J2243.5+3220,340.8795,32.3407,bcu,0.43079278,1.7089771878854523,4.667580736457297
4FGL J2245.8-5609,341.4548,-56.1533,fsrq,0.59111506,2.24425547369964,5.825116680168698
4FGL J2246.5-1204,341.6311,-12.0807,fsrq,1.4969975,4.471547612935445,9.510665658091286
4FGL J2247.1+4658,341.7781,46.9755,bcu,0.68455267,2.533020504618156,6.40047177514757
4FGL J2247.5-3700,341.8965,-37.0043,fsrq,0.7420181,2.7026288128425833,6.723415181306585
4FGL J2248.7-4302,342.1937,-43.0496,bcu,0.42474657,1.6877618469878566,4.619116771909722
4FGL J2248.9+2107,342.2469,21.1214,fsrq,0.9354541,3.23213220804754,7.664479772897835
4FGL J2249.9+0452,342.4849,4.8692,bcu,0.7284846,2.6632165786807005,6.649335507742214
4FGL J2250.0-1250,342.5049,-12.8485,bcu,1.2908028,4.0609725038789595,8.950484842892738
4FGL J2251.2+5550,342.8039,55.8431,bcu,1.133372,3.714536869091811,8.439205851378718
4FGL J2252.0+8149,343.0064,81.8194,bcu,1.6161748,4.6891755657539065,9.788421367899144
4FGL J2255.8-6543,343.9736,-65.7304,fsrq,1.1943641,3.8524141427798955,8.64705677064446
4FGL J2256.3-3303,344.0839,-33.066,bll,0.33317858,1.3569971739779574,3.8362606245773962
4FGL J2300.7-2645,345.1823,-26.7502,fsrq,0.62487775,2.350498531969194,6.040629416818477
4FGL J2301.7+0608,345.4377,6.1457,bcu,1.0628623,3.5490210700151703,8.181854801223684
4FGL J2305.6-4214,346.4038,-42.2486,bcu,0.71603703,2.626679587942001,6.580142278590371
4FGL J2306.6+0940,346.6505,9.6732,bcu,0.8256109,2.9390330781465113,7.155826221133949
4FGL J2306.8-3036,346.7221,-30.6037,bcu,0.5285387,2.0414805843548773,5.4010080650843815
4FGL J2307.5+8629c,346.8949,86.4961,bcu,1.3976578,4.279439064892293,9.254560794418692
4FGL J2307.7+6712,346.9293,67.2152,bcu,0.50284606,1.955970833226291,5.216994267803646
4FGL J2308.6-4555,347.1577,-45.9254,bcu,0.750227,2.7263774573580837,6.767775190597909
4FGL J2310.3-7354,347.5953,-73.9125,bcu,1.4113415,4.306510666348898,9.291282072967816
4FGL J2311.8+4541,347.9614,45.6908,fsrq,1.4707636,4.421796753449438,9.445336797124659
4FGL J2312.2-6536,348.0628,-65.6042,bcu,1.026427,3.4608046480827244,8.041126105707686
4FGL J2312.5+7241,348.1396,72.6923,bcu,1.3361363,4.155217873456777,9.08336303021024
4FGL J2317.0+3756,349.2678,37.9375,bcu,0.85238117,3.0122531626574047,7.285691024746486
4FGL J2318.6-1657,349.6605,-16.9562,fsrq,0.75052327,2.727232367366565,6.769368188278448
4FGL J2320.8-0823,350.2228,-8.3918,fsrq,1.7326024,4.889369128873344,10.032658859585613
4FGL J2321.0+2836,350.258,28.6031,bcu,1.0618721,3.546648272184664,8.178102301774848
4FGL J2321.4+5111,350.3654,51.1945,bcu,0.6506917,2.4302679698985443,6.199492706265044
4FGL J2322.4-2906,350.6197,-29.1077,bcu,0.60560447,2.290117784345172,5.918703165104407
4FGL J2322.8-4221,350.7091,-42.3543,bll,0.40302047,1.6108940995152727,4.441790888338594
4FGL J2325.9+6206c,351.4969,62.1049,bcu,1.8397855,5.063724682149695,10.236821743523137
4FGL J2327.8-5626,351.9674,-56.4496,bcu,0.95490664,3.2820662226809416,7.748207687659812
4FGL J2329.7+6101,352.4343,61.0239,bcu,0.4311561,1.7102495918505702,4.670480876814731
4FGL J2330.4+1230,352.6212,12.5132,bcu,1.0756487,3.579538701471901,8.229957076763107
4FGL J2331.2-3839,352.8239,-38.6649,bcu,0.42505014,1.688828859437508,4.6215591420392865
4FGL J2333.4-0133,353.3699,-1.5533,fsrq,1.0186704,3.4417810501870485,8.010448553238037
4FGL J2333.9-2343,353.4912,-23.7197,bcu,0.96284825,3.302287231180663,7.781876105282471
4FGL J2334.0-2528,353.515,-25.4767,bcu,1.1988144,3.8622887695456254,8.66171893365993
4FGL J2335.9-5811,353.981,-58.1865,bcu,0.2444573,1.0192758586121728,2.9810150582083725
4FGL J2336.2-3136,354.0502,-31.6081,bcu,0.666708,2.4791342211855643,6.295581751252
4FGL J2336.9-5859,354.2485,-58.988,bcu,1.3544859,4.192704333084562,9.135495091186053
4FGL J2343.9+1539,355.983,15.6645,fsrq,1.2712463,4.019582006861036,8.891301079003778
4FGL J2345.9+3413,356.4893,34.2279,bcu,0.29348075,1.2080040515644241,3.466196913080506
4FGL J2347.0+5141,356.7659,51.6966,bll,0.22280382,0.9342412335081023,2.7561844766255637
4FGL J2347.9+5436,356.9809,54.6065,bcu,0.512529,1.9883535847824982,5.287047976757988
4FGL J2348.1-4934,357.0372,-49.57,bcu,0.86987966,3.059481074919864,7.368457524440383
4FGL J2348.3-6049,357.0883,-60.8202,bcu,0.43665567,1.729476260281512,4.714213975830826
4FGL J2348.6-0426,357.1508,-4.4394,fsrq,1.2504827,3.9751416576904406,8.827189614251512
4FGL J2350.4-0559,357.6025,-5.9923,bll,0.37317953,1.5036881664870427,4.189875674059225
4FGL J2350.9-1416,357.7469,-14.2756,bcu,0.66575885,2.4762516013471614,6.28993917511626
4FGL J2351.7-3416,357.928,-34.2676,bcu,1.3952951,4.2747445036941505,9.24817157511432
4FGL J2352.1-4301,358.0493,-43.0168,bcu,0.9626849,3.3018722638774243,7.781186546807264
4FGL J2353.5+6646,358.3926,66.7697,bcu,1.1916968,3.846483841213497,8.638236983341537
4FGL J2358.4+6547,359.6119,65.7837,bcu,1.1522987,3.757835712844373,8.505111047028858
4FGL J2359.2-3134,359.8167,-31.5832,fsrq,1.2685071,4.013748662209881,8.882919200448148
4FGL J2359.3+0215,359.8329,2.2603,bcu,0.3123851,1.2793816471060067,3.644878195857928
4FGL J2359.7-5041,359.9365,-50.6853,bcu,1.297246,4.074511404313571,8.969734007406714
4FGL J2359.9+3145,359.9908,31.7601,bcu,0.38162538,1.5342226195951036,4.262178893293097
