Source_Name,RAJ2000,DEJ2000,CLASS1,Estimated_Redshift
4FGL J0001.4-0010,0.3717,-0.1699,bll,0.49911776
4FGL J0001.8-2153,0.4647,-21.8865,bcu,0.4823379
4FGL J0002.3-0815,0.5937,-8.2652,bcu,0.5045973
4FGL J0002.4-5156,0.6131,-51.9355,bcu,0.47600645
4FGL J0003.3-0703,0.8297,-7.0655,bcu,0.44498637
4FGL J0003.5+0717,0.8796,7.295,bcu,0.9455666
4FGL J0004.3+4614,1.0757,46.2427,fsrq,1.2146236
4FGL J0006.4-5621,1.6103,-56.3635,bll,0.6009557
4FGL J0007.5-5247,1.8893,-52.7863,bcu,1.4937071
4FGL J0008.4+6837,2.1142,68.6216,bcu,1.1575953
4FGL J0009.8+1340,2.4653,13.6712,bcu,0.6633837
4FGL J0009.8-6358,2.4743,-63.9696,bcu,0.9492992
4FGL J0011.4-4110,2.8502,-41.1742,bcu,0.5362185
4FGL J0012.0+7043,3.0032,70.7326,bcu,1.2138797
4FGL J0013.0+3355,3.2636,33.9201,fsrq,1.0697931
4FGL J0013.4+0950,3.3544,9.837,bcu,0.7538582
4FGL J0014.7+5801,3.6867,58.0272,bll,0.38550222
4FGL J0014.8+6118,3.7212,61.3037,bcu,0.4981355
4FGL J0015.6+5551,3.9071,55.8636,bll,0.34985244
4FGL J0018.8+2611,4.719,26.1896,fsrq,1.9376559
4FGL J0020.3+6919,5.0918,69.3322,bcu,1.0884188
4FGL J0021.5-2221,5.3834,-22.3583,bcu,1.2957842
4FGL J0024.5-0810,6.1376,-8.1809,bcu,1.3830683
4FGL J0028.5+2001,7.1262,20.017,fsrq,1.0838851
4FGL J0028.8-0112,7.2174,-1.2022,bll,0.5173437
4FGL J0030.2+0001,7.5526,0.0329,bll,0.4075516
4FGL J0032.5-4724,8.1497,-47.4039,bcu,0.3369132
4FGL J0033.3-2040,8.3457,-20.6674,bll,0.33503425
4FGL J0035.8-0837,8.9577,-8.6324,bll,0.8603147
4FGL J0035.8+6131,8.9684,61.5234,bcu,1.3683692
4FGL J0035.9+5950,8.9823,59.8334,bll,0.4494259
4FGL J0036.8+1431,9.2162,14.53,bcu,0.5625082
4FGL J0041.3+6052,10.343,60.8783,bcu,1.4437561
4FGL J0041.9-4702,10.4839,-47.0458,bll,0.525288
4FGL J0044.8+6802,11.2189,68.0382,bcu,1.0803714
4FGL J0044.9+4553,11.2311,45.8926,bcu,0.6921235
4FGL J0047.0+5657,11.7535,56.9601,bll,0.69428694
4FGL J0047.9+5448,11.9872,54.8017,bcu,0.41358197
4FGL J0049.2+6227,12.3112,62.4626,bcu,0.8222616
4FGL J0050.8-3428,12.7183,-34.4675,bcu,0.3050279
4FGL J0056.5-3936,14.1458,-39.6109,bll,1.3177423
4FGL J0057.0+4101,14.2534,41.0179,bcu,0.57853615
4FGL J0057.3+2216,14.3415,22.273,bcu,0.6805773
4FGL J0058.3+1723,14.577,17.3884,bll,0.514709
4FGL J0059.5-3338,14.8869,-33.6407,fsrq,0.8123341
4FGL J0101.3-8019,15.3324,-80.3235,fsrq,1.1448048
4FGL J0102.1+5846,15.5371,58.7781,bcu,0.68965334
4FGL J0102.8+5824,15.701,58.4092,fsrq,0.6418955
4FGL J0103.5+5337,15.8787,53.6262,bll,0.23528282
4FGL J0105.5+1912,16.3962,19.2052,bll,0.95613784
4FGL J0105.9+3403,16.4847,34.0644,bll,1.4007367
4FGL J0107.4+0334,16.8508,3.5691,bll,0.5391853
4FGL J0107.6+4950,16.9067,49.8415,bcu,0.8326499
4FGL J0109.7+6133,17.445,61.5615,fsrq,1.637017
4FGL J0110.1+6805,17.5454,68.0973,bll,0.20731696
4FGL J0110.2+4151,17.5581,41.8591,bll,0.26907152
4FGL J0110.3-0431,17.5797,-4.5267,bcu,0.73714
4FGL J0111.4-7304,17.8557,-73.0719,bcu,0.60838693
4FGL J0112.6-3158,18.1611,-31.9743,bll,0.44759348
4FGL J0112.8-0253,18.2061,-2.8965,bcu,0.7719203
4FGL J0114.0+6418,18.5151,64.304,bcu,0.549075
4FGL J0115.6-5653,18.9053,-56.8954,bcu,0.834263
4FGL J0118.7-0848,19.6884,-8.808,bcu,1.2115356
4FGL J0121.8+1147,20.4673,11.7961,fsrq,0.32993641
4FGL J0122.1-3004,20.5293,-30.0697,bcu,0.47182804
4FGL J0123.7+4209,20.9338,42.1646,bll,0.3169834
4FGL J0125.3-5112,21.3296,-51.2115,fsrq,1.0464252
4FGL J0125.4+3200,21.3656,32.0086,bcu,1.4092265
4FGL J0125.8+2605,21.4745,26.0884,bcu,0.865606
4FGL J0126.5-1553,21.6487,-15.8849,bcu,1.2514675
4FGL J0127.3-0148,21.8421,-1.8001,bll,0.4628278
4FGL J0128.2-1722,22.0504,-17.3752,bcu,0.9864066
4FGL J0128.3+5710,22.0835,57.17,bcu,0.549731
4FGL J0129.0+6312,22.27,63.2118,bcu,1.741671
4FGL J0131.1+6120,22.7924,61.3372,bll,0.25848803
4FGL J0131.2+5547,22.8214,55.7849,bcu,0.38333595
4FGL J0133.7-5527,23.445,-55.4502,bcu,0.50205904
4FGL J0135.0+5338,23.7639,53.6351,bcu,1.7573843
4FGL J0135.3-2728,23.8278,-27.4694,bcu,0.76477444
4FGL J0136.8+2032,24.2019,20.5381,bcu,0.76499045
4FGL J0137.5+0847,24.3853,8.7989,fsrq,1.248201
4FGL J0137.9+5814,24.4957,58.2494,bll,0.07971059
4FGL J0138.6+2923,24.6637,29.3855,bcu,1.5075966
4FGL J0143.3-0119,25.8474,-1.3274,bcu,1.2141407
4FGL J0145.9+2319,26.4827,23.3329,bcu,0.6879873
4FGL J0147.6+1547,26.9015,15.7955,bcu,0.4349807
4FGL J0147.6-6028,26.9157,-60.4752,bcu,0.34115085
4FGL J0147.6-0825,26.9177,-8.4245,bcu,0.952728
4FGL J0148.2+5201,27.0594,52.0243,bll,0.460487
4FGL J0149.8+2650,27.465,26.8496,bll,0.8483567
4FGL J0150.5-3337,27.6429,-33.6203,bcu,0.6015742
4FGL J0151.7+5455,27.9312,54.9172,bcu,0.8785488
4FGL J0152.6-1404,28.166,-14.0695,fsrq,1.1956842
4FGL J0153.5-5107,28.396,-51.1293,fsrq,0.6961572
4FGL J0154.5-6604,28.6461,-66.0793,bcu,1.438124
4FGL J0155.4-0625,28.8536,-6.4224,bcu,0.8029143
4FGL J0156.1+1502,29.0316,15.0405,bcu,0.43128905
4FGL J0156.6-1758,29.1655,-17.9732,bcu,0.6139874
4FGL J0156.9-3235,29.2453,-32.5984,bcu,0.3058978
4FGL J0158.2+2515,29.5735,25.2663,bll,0.7004517
4FGL J0158.5-5005,29.6263,-50.088,bcu,1.635621
4FGL J0158.9+7037,29.7382,70.6328,bcu,1.1850182
4FGL J0202.1+3939,30.5335,39.6635,fsrq,1.5067903
4FGL J0202.3-0605,30.5758,-6.0977,bcu,0.65183675
4FGL J0203.9+5411,30.9799,54.1873,bcu,0.72822124
4FGL J0204.1-2919,31.0473,-29.3217,bcu,0.5060952
4FGL J0205.2-3050,31.3011,-30.8365,bcu,1.7767951
4FGL J0206.4+3829,31.6172,38.4948,bcu,0.3810723
4FGL J0209.7+6437,32.4275,64.6314,bcu,1.380325
4FGL J0213.2-0503,33.3031,-5.0625,bll,1.129019
4FGL J0214.1-4733,33.5464,-47.5577,bll,0.3950568
4FGL J0214.3+5145,33.5946,51.757,bll,0.22685425
4FGL J0214.6-4333,33.6682,-43.5527,bcu,0.8399075
4FGL J0215.2-1619,33.8031,-16.3277,bll,0.49690613
4FGL J0215.9+0521,33.986,5.3519,bcu,0.5108629
4FGL J0218.7+2640,34.6851,26.6812,bcu,0.31957978
4FGL J0218.9-2305,34.731,-23.0986,bcu,1.4932466
4FGL J0221.2-1312,35.313,-13.2046,bcu,0.7374771
4FGL J0221.8+3730,35.469,37.511,bcu,0.7296438
4FGL J0223.0+6821,35.7648,68.3646,bll,0.5675466
4FGL J0223.2-1653,35.8128,-16.8868,fsrq,1.338331
4FGL J0223.5+5415,35.8799,54.25,bcu,0.42031956
4FGL J0225.5-5618,36.3842,-56.3049,bcu,0.50134027
4FGL J0227.0-1739,36.7591,-17.6637,bcu,1.0256646
4FGL J0227.3-6119,36.826,-61.3177,bcu,0.6376
4FGL J0228.5-2234,37.1313,-22.582,bcu,0.6662751
4FGL J0228.7+6718,37.1976,67.3064,fsrq,1.2096028
4FGL J0230.0-5236,37.5205,-52.6054,bcu,1.2304941
4FGL J0240.6+3528,40.1581,35.476,bcu,0.5400633
4FGL J0241.3+6543,40.3386,65.7288,bll,0.33373103
4FGL J0242.3+5216,40.5974,52.2798,bcu,1.4183512
4FGL J0242.9+0045,40.7476,0.7526,bll,0.63914233
4FGL J0243.7+0321,40.9314,3.36,bcu,1.6108562
4FGL J0245.5-4502,41.3934,-45.0475,fsrq,1.5781547
4FGL J0248.6+5131,42.1587,51.5333,bcu,0.8685071
4FGL J0248.6-3511,42.1656,-35.1997,bcu,1.0021045
4FGL J0249.7+4500,42.4447,45.0108,bcu,0.6435493
4FGL J0250.3-3422,42.5813,-34.3746,bcu,1.1445297
4FGL J0250.7+5630,42.6982,56.5137,bcu,0.3612246
4FGL J0253.9+5103,43.4933,51.0633,fsrq,1.25302
4FGL J0254.5-7511,43.6356,-75.1938,bcu,0.708153
4FGL J0254.8+3933,43.7227,39.5638,fsrq,1.2306113
4FGL J0259.3+5453,44.8486,54.891,bcu,0.7017131
4FGL J0259.4+0308,44.8544,3.1487,bcu,0.43627325
4FGL J0300.2-0514,45.0748,-5.2474,bcu,0.45627794
4FGL J0301.5-7156,45.4,-71.9408,fsrq,0.53579754
4FGL J0303.6+4716,45.9098,47.2759,bll,0.7934356
4FGL J0304.5+3349,46.1379,33.8261,bcu,1.8753698
4FGL J0304.5+6821,46.1411,68.3539,bcu,1.9635311
4FGL J0307.4+4915,46.8647,49.257,bll,0.92652327
4FGL J0311.2+6856,47.8043,68.9385,bcu,1.1105697
4FGL J0311.6+4134,47.9028,41.581,bcu,0.470278
4FGL J0313.0+0229,48.273,2.4911,bcu,1.4202398
4FGL J0316.6-2216,49.1542,-22.2736,bll,0.2355144
4FGL J0317.9+2010,49.4767,20.1801,bcu,0.3585186
4FGL J0320.6+1125,50.1609,11.4328,bcu,0.22755688
4FGL J0321.3+0425,50.326,4.4275,bcu,1.0725269
4FGL J0321.3-1612,50.3271,-16.2096,bll,0.42607912
4FGL J0321.7-7500,50.4345,-75.0041,bll,0.44361508
4FGL J0322.4+6606,50.6146,66.1102,bcu,1.194692
4FGL J0322.6-5040,50.658,-50.6711,fsrq,0.9455392
4FGL J0325.2+4705,51.3103,47.0882,bcu,1.4228821
4FGL J0327.0-3751,51.7523,-37.8625,bcu,0.88710713
4FGL J0327.8-2202,51.9735,-22.0448,fsrq,1.4643011
4FGL J0328.9+3514,52.2433,35.2489,bcu,1.1779172
4FGL J0330.6+4659,52.653,46.9834,bcu,1.4684241
4FGL J0331.8-7040,52.969,-70.6697,bll,0.46153826
4FGL J0331.9+6307,52.9909,63.1309,bll,0.7948181
4FGL J0332.2-1737,53.052,-17.6272,bcu,1.4984167
4FGL J0332.8+1557,53.2156,15.9593,bcu,0.61558944
4FGL J0333.9+6537,53.4767,65.6188,bll,0.4897415
4FGL J0335.8+2733,53.9585,27.5614,bcu,0.44694197
4FGL J0336.7-1305,54.1963,-13.0987,fsrq,1.2509294
4FGL J0338.7-5319,54.6783,-53.3324,bcu,0.57680035
4FGL J0347.0+4844,56.7527,48.7376,fsrq,1.27943
4FGL J0347.6-0133,56.9013,-1.5514,bcu,0.5589785
4FGL J0347.7-3616,56.947,-36.2808,bcu,0.6783283
4FGL J0348.2+6035,57.0541,60.5904,bcu,0.47862563
4FGL J0348.6-2749,57.1538,-27.8215,fsrq,0.7418696
4FGL J0348.8+4610,57.2185,46.1695,bcu,1.7628508
4FGL J0348.9-4859,57.2338,-48.998,bcu,0.48701826
4FGL J0349.6+2410,57.423,24.1775,bcu,1.9917771
4FGL J0350.6-3226,57.6594,-32.4473,bcu,0.9512636
4FGL J0351.2-6103,57.8079,-61.0526,bcu,0.4785578
4FGL J0351.6+2921,57.9172,29.358,bcu,0.8496855
4FGL J0352.0-3702,58.0082,-37.0485,bll,0.36540774
4FGL J0353.0+5654,58.272,56.9026,bll,0.43861195
4FGL J0354.4+4643,58.609,46.7231,bcu,1.0910456
4FGL J0354.7-1617,58.6779,-16.287,fsrq,1.0959285
4FGL J0358.5-5432,59.6317,-54.5376,bcu,1.1510515
4FGL J0358.9+6004,59.7328,60.0767,fsrq,1.6807944
4FGL J0359.6+5057,59.9158,50.959,fsrq,1.6887547
4FGL J0359.6+3213,59.9206,32.2286,fsrq,1.9049506
4FGL J0401.2+8153,60.3224,81.8881,bll,0.5093399
4FGL J0402.9+6433,60.7373,64.5517,bcu,0.73404425
4FGL J0410.9+4216,62.736,42.2777,bcu,0.9263062
4FGL J0411.7+3041,62.9461,30.6834,bcu,1.170441
4FGL J0412.6-5434,63.1542,-54.5722,bcu,0.46256116
4FGL J0412.7-3927,63.1872,-39.4623,bcu,0.33739263
4FGL J0414.6-0842,63.6584,-8.7051,bll,0.53406
4FGL J0415.2-5741,63.8016,-57.6904,bcu,0.35785374
4FGL J0416.0-4743,64.003,-47.7333,bcu,1.0537721
4FGL J0416.4-2059,64.1224,-20.9869,bcu,1.055911
4FGL J0420.0+0805,65.0086,8.0999,bcu,0.84282297
4FGL J0420.2+4012,65.0547,40.201,bll,0.38521752
4FGL J0421.6-0627,65.4057,-6.4582,bll,0.4794658
4FGL J0423.7+0831,65.928,8.5293,bcu,0.49989775
4FGL J0423.9+4150,65.9781,41.8342,bll,0.6845677
4FGL J0425.3+6319,66.3371,63.3262,bcu,0.6704267
4FGL J0426.5+0517,66.6377,5.2855,fsrq,1.7136377
4FGL J0426.5+2007,66.6405,20.1326,bcu,1.3231684
4FGL J0427.5-1831,66.8856,-18.5328,bcu,0.467852
4FGL J0428.7-5003,67.1923,-50.0654,bcu,0.7231457
4FGL J0431.2-0358,67.8239,-3.9672,bcu,0.5982765
4FGL J0433.5-1039,68.3986,-10.6607,bcu,0.78589624
4FGL J0434.3-2517,68.5914,-25.2865,bcu,1.4313186
4FGL J0436.8-5223,69.2198,-52.3934,bcu,0.76618624
4FGL J0437.2-5846,69.3164,-58.7773,bcu,0.93442374
4FGL J0440.2+4246,70.0696,42.7667,bcu,0.89490324
4FGL J0440.3-4332,70.0829,-43.5448,fsrq,1.4402031
4FGL J0441.2-2953,70.3216,-29.896,bll,0.5834054
4FGL J0441.3-2617,70.335,-26.2937,bcu,0.38500923
4FGL J0444.6+3425,71.1598,34.4185,bcu,0.91004324
4FGL J0446.3-1729,71.5979,-17.4886,bcu,0.288516
4FGL J0449.6+3027,72.4186,30.4664,bcu,1.5595132
4FGL J0450.8-2327,72.7227,-23.4639,bcu,0.50571597
4FGL J0451.8+5721,72.9698,57.3548,bcu,0.27581945
4FGL J0452.0+2100,73.0072,21.0033,bcu,0.42350435
4FGL J0453.5-1233,73.3784,-12.5612,bcu,0.88696784
4FGL J0453.9+3727,73.4897,37.4568,bcu,0.5828976
4FGL J0456.4-4043,74.1111,-40.7222,bcu,0.7569587
4FGL J0458.6+5509,74.6735,55.1651,bcu,1.0055873
4FGL J0459.2-2612,74.8003,-26.214,bcu,0.76675665
4FGL J0459.7-4529,74.9281,-45.4994,bcu,1.4217528
4FGL J0500.1+5447,75.0353,54.7843,bcu,0.9571711
4FGL J0500.2+5237,75.0735,52.6332,bll,0.15485582
4FGL J0500.4-5321,75.1215,-53.3626,bcu,1.277522
4FGL J0501.0-2423,75.2732,-24.3935,bcu,2.0355616
4FGL J0501.7+3048,75.4313,30.8028,bcu,0.54965657
4FGL J0502.5+3438,75.6366,34.6338,bcu,0.9232737
4FGL J0503.6+4518,75.9202,45.3113,bcu,0.38333347
4FGL J0504.3-0955,76.0856,-9.9215,bcu,0.31201127
4FGL J0505.8+3322,76.4554,33.3742,bcu,0.30904603
4FGL J0507.9+4647,76.9786,46.7951,bcu,1.2640946
4FGL J0508.2+5211,77.0591,52.1886,bcu,0.6216384
4FGL J0509.1-7317,77.2973,-73.2995,bcu,0.44414583
4FGL J0509.2+5550,77.3192,55.8343,bcu,1.1980116
4FGL J0512.8+4041,78.2186,40.6945,bcu,0.94439787
4FGL J0513.9-3746,78.4961,-37.7774,bll,1.0087221
4FGL J0515.9+0537,78.9852,5.6219,bcu,0.57370746
4FGL J0516.7+2743,79.1759,27.7194,bcu,0.73637307
4FGL J0516.8-0509,79.2241,-5.1547,fsrq,1.5484344
4FGL J0517.9-6930c,79.4848,-69.5093,bcu,1.268225
4FGL J0519.6+2744,79.9026,27.7405,bcu,0.58293146
4FGL J0520.4+3607,80.1028,36.1198,bcu,1.7169814
4FGL J0520.6+6531,80.166,65.5255,bcu,0.53908557
4FGL J0521.4-2957,80.3694,-29.9653,bcu,0.39960405
4FGL J0521.7+2112,80.4445,21.2131,bll,0.25170636
4FGL J0521.8+5658c,80.4529,56.9669,bcu,1.6422305
4FGL J0524.1-5659,81.0328,-56.9863,bcu,0.84772104
4FGL J0524.5+2839,81.128,28.6572,bcu,0.47027954
4FGL J0524.5-2614,81.1471,-26.2389,bcu,0.54790664
4FGL J0524.6-2819,81.1732,-28.3288,bcu,1.3947794
4FGL J0526.3+2246,81.5908,22.7778,bcu,0.28682998
4FGL J0527.3-6223,81.8385,-62.3951,bll,0.42667302
4FGL J0530.4+3303,82.6095,33.0533,bcu,0.5052304
4FGL J0532.7+5749,83.1939,57.8238,bcu,1.4466431
4FGL J0532.9+6936,83.25,69.6066,bcu,0.4296527
4FGL J0533.3+4823,83.3338,48.3834,fsrq,0.8938969
4FGL J0534.1-7218,83.5445,-72.3077,bll,1.1650606
4FGL J0535.7-6604c,83.9471,-66.0792,bcu,0.39512485
4FGL J0536.2+1733,84.0719,17.5534,bll,0.27862623
4FGL J0538.6+0443,84.663,4.7262,bcu,0.6174095
4FGL J0539.0+1644,84.75,16.7432,bcu,0.5861166
4FGL J0539.6+1432,84.9052,14.5443,FSRQ,1.4271576
4FGL J0539.7-1030,84.9266,-10.5109,bcu,0.75796837
4FGL J0539.7-0521c,84.9408,-5.3555,bcu,1.6752418
4FGL J0540.0+1209,85.0078,12.151,bcu,0.9321099
4FGL J0542.4+3547c,85.6081,35.7849,bcu,1.7069644
4FGL J0542.8-3458,85.704,-34.9826,bcu,0.48387125
4FGL J0543.2+8238,85.8059,82.6344,bcu,0.91985774
4FGL J0545.0+0613c,86.2679,6.2271,bcu,1.6517811
4FGL J0548.5-5218,87.1442,-52.3153,bcu,0.78923464
4FGL J0549.0+3258c,87.2698,32.9686,bcu,0.51506037
4FGL J0550.9+2552c,87.7457,25.871,bcu,1.37268
4FGL J0551.0-1622,87.7503,-16.3808,bcu,1.3503561
4FGL J0552.4+3755,88.1033,37.92,bcu,0.9449107
4FGL J0554.3-1009c,88.5897,-10.1525,bcu,1.4605569
4FGL J0554.4-2757,88.6104,-27.9564,bll,0.40815407
4FGL J0555.6+3947,88.9015,39.7878,fsrq,1.793975
4FGL J0557.2+7705,89.3129,77.0854,bcu,0.6640486
4FGL J0557.4-0302,89.3743,-3.0455,bcu,1.2640553
4FGL J0559.6+3044,89.9039,30.7471,bcu,0.39659387
4FGL J0559.7-1817,89.9458,-18.2984,bcu,1.0195947
4FGL J0600.3+1244,90.0816,12.7444,bll,0.33425745
4FGL J0601.0+3838,90.2687,38.6345,bll,0.18856771
4FGL J0601.4+2320,90.3703,23.3478,fsrq,2.1078656
4FGL J0603.0-2936,90.7622,-29.6108,bcu,1.0002544
4FGL J0603.9+2159,90.9815,21.9848,bcu,0.9295044
4FGL J0608.8+5553,92.2005,55.899,bcu,1.2628437
4FGL J0609.5+1402,92.3996,14.0395,bcu,1.6589226
4FGL J0610.7+1656,92.6761,16.946,bcu,1.6011924
4FGL J0611.6+2803,92.9237,28.0561,bll,0.7957981
4FGL J0613.6+7108,93.4141,71.1355,bll,0.52772385
4FGL J0613.6+1709,93.4217,17.1516,bcu,1.2150141
4FGL J0614.9+2426,93.7394,24.4475,bcu,0.7304841
4FGL J0616.1-1732,94.0356,-17.5474,bll,0.45769623
4FGL J0617.9-0319,94.4951,-3.3303,bcu,1.1960448
4FGL J0618.9-1138,94.7482,-11.636,bcu,1.3264862
4FGL J0620.0+5733,95.018,57.5595,bcu,0.40251794
4FGL J0620.7+2643,95.1766,26.7291,bll,0.31784275
4FGL J0621.2-4648,95.3015,-46.8071,bcu,0.7748852
4FGL J0621.8+1746,95.4517,17.7789,bll,0.30140856
4FGL J0622.9+3326,95.7296,33.4335,BCU,0.72511786
4FGL J0623.2+3044,95.8231,30.7395,bll,0.3067202
4FGL J0623.6-3351,95.9063,-33.8541,bcu,1.3847775
4FGL J0624.1-6330,96.0406,-63.5097,bcu,0.36744392
4FGL J0624.2-2943,96.0616,-29.7178,bcu,0.25805667
4FGL J0626.8-2603,96.7166,-26.0581,bcu,0.8181777
4FGL J0627.0+2623,96.752,26.3959,bcu,0.59589607
4FGL J0628.6-6711,97.152,-67.1871,bcu,1.2540159
4FGL J0629.6+2435,97.4084,24.5877,bcu,0.39587584
4FGL J0630.1-2010,97.5433,-20.1794,bcu,0.22499184
4FGL J0630.2+3228,97.5576,32.4681,bcu,0.6207893
4FGL J0631.1+2020,97.7766,20.3406,bcu,0.9830554
4FGL J0632.0-1032,98.0226,-10.5335,bcu,1.0963324
4FGL J0636.7+7139,99.1828,71.6615,bcu,0.9210295
4FGL J0638.7+2753,99.6887,27.8903,bcu,0.41046223
4FGL J0640.0-1253,100.0213,-12.896,bll,0.3162882
4FGL J0640.7-1924,100.181,-19.4092,bcu,1.2653041
4FGL J0640.8+2432,100.2165,24.5421,bcu,0.8055999
4FGL J0641.7-0320,100.4371,-3.3466,FSRQ,1.7373148
4FGL J0643.3+0857,100.8345,8.9525,fsrq,1.5888058
4FGL J0643.4-3314,100.8513,-33.2392,bcu,0.9452995
4FGL J0644.7+3917,101.1994,39.2842,fsrq,0.18694776
4FGL J0647.7-4418,101.9253,-44.3058,bcu,1.1435227
4FGL J0648.1+1605,102.0403,16.0928,bcu,0.35599867
4FGL J0648.2+1745,102.0746,17.7651,bcu,0.3818115
4FGL J0648.4-1744,102.1161,-17.7396,fsrq,1.0417129
4FGL J0648.4-6941,102.1172,-69.6927,bll,0.24037959
4FGL J0648.7+1516,102.1905,15.2808,bll,0.35901886
4FGL J0649.3+2230,102.3396,22.5059,bcu,0.4498312
4FGL J0650.2+5620,102.5506,56.3421,fsrq,0.56521404
4FGL J0650.2-1636,102.5717,-16.6012,bcu,1.0142611
4FGL J0650.5-2851,102.629,-28.861,bcu,0.8879187
4FGL J0651.5+7956,102.8887,79.9476,bcu,0.5770652
4FGL J0652.5+1932,103.1448,19.5486,bcu,1.6825533
4FGL J0653.6+1636,103.4105,16.6106,bcu,0.46380395
4FGL J0654.3+0923,103.578,9.3874,bcu,0.37841937
4FGL J0656.0+2420,104.0198,24.3448,fsrq,1.6025251
4FGL J0656.3-0322,104.0765,-3.3686,fsrq,1.4913348
4FGL J0656.3-2404,104.097,-24.0682,bll,0.3806937
4FGL J0658.6+0636,104.6599,6.611,bcu,0.34256384
4FGL J0659.9+1709,104.9847,17.1522,fsrq,0.89440286
4FGL J0700.2+1304,105.075,13.0674,bll,0.49527174
4FGL J0702.7-1951,105.678,-19.8517,bll,0.85453457
4FGL J0703.3-1042,105.8287,-10.7092,bcu,0.729651
4FGL J0703.3-0050,105.8367,-0.8436,bll,1.4325422
4FGL J0706.1+0246,106.5454,2.7772,bcu,0.26637405
4FGL J0709.2-1527,107.3095,-15.4512,bll,0.24266686
4FGL J0709.3+0540,107.3392,5.6788,bcu,0.6139374
4FGL J0709.7-0255,107.4451,-2.9301,fsrq,0.78778064
4FGL J0713.0+5738,108.2598,57.6345,bcu,1.3415425
4FGL J0718.2-1324,109.5539,-13.4164,bcu,0.5814819
4FGL J0719.6-3927,109.9156,-39.4511,bcu,0.521098
4FGL J0720.0-3507,110.0044,-35.1226,bcu,0.9901591
4FGL J0721.3-0222,110.3253,-2.3687,bll,0.3361188
4FGL J0721.3+0405,110.3475,4.0914,fsrq,1.1435668
4FGL J0723.0-0732,110.7523,-7.5441,bll,0.336075
4FGL J0725.5+0216,111.3901,2.2749,bcu,0.7306018
4FGL J0725.5-0504,111.3911,-5.0747,bcu,0.69327295
4FGL J0725.6-3530,111.4194,-35.5009,bcu,0.8257383
4FGL J0725.8-0054,111.4698,-0.9134,bcu,0.3161883
4FGL J0728.0-4740,112.0165,-47.6699,fsrq,0.49223274
4FGL J0729.1-3131,112.2819,-31.5261,bcu,0.6622072
4FGL J0730.3-1141,112.5776,-11.6888,fsrq,1.0176256
4FGL J0730.5-0535,112.6354,-5.5842,bll,0.44991994
4FGL J0731.2-1403,112.8105,-14.0656,bll,1.0122682
4FGL J0731.8-3009,112.9639,-30.1553,bcu,0.71004564
4FGL J0733.0+4915,113.2659,49.2568,bcu,0.3313782
4FGL J0733.5+3517,113.3761,35.2938,bll,0.41921496
4FGL J0733.7+0205c,113.4379,2.0908,bcu,1.5225307
4FGL J0738.4+1539,114.6058,15.6602,bcu,0.39711976
4FGL J0738.9-6736,114.7427,-67.6038,fsrq,0.98339117
4FGL J0740.0-0753,115.0209,-7.8985,bcu,0.7718245
4FGL J0741.4-8132,115.3538,-81.5409,bcu,0.5200584
4FGL J0743.6-3805,115.9062,-38.0937,bcu,0.62090045
4FGL J0744.1-6211,116.0302,-62.1954,bcu,1.0847018
4FGL J0745.4-2447,116.3619,-24.7995,bcu,1.8550062
4FGL J0746.5-0710,116.6316,-7.1804,bcu,1.0330098
4FGL J0747.3-3310,116.8328,-33.1778,bll,0.63080144
4FGL J0747.6+7209,116.9239,72.1649,bcu,0.9004835
4FGL J0748.0-1638,117.0059,-16.6437,bcu,1.0574179
4FGL J0749.0-3904,117.267,-39.0709,bcu,0.31164524
4FGL J0749.0-2956,117.2727,-29.948,bcu,0.3978281
4FGL J0749.5+1026,117.3871,10.449,fsrq,1.5797052
4FGL J0749.9+3112,117.4754,31.2087,bcu,0.7847264
4FGL J0750.0+8238,117.5109,82.6382,bcu,1.1152304
4FGL J0751.9+3314,117.9826,33.2361,fsrq,1.3264635
4FGL J0752.3-1631,118.0914,-16.5318,bcu,0.5910335
4FGL J0753.9+0923,118.4907,9.3904,bcu,1.218568
4FGL J0754.4-1148,118.6105,-11.8052,bll,0.9746576
4FGL J0754.5+3911,118.6435,39.1968,bll,0.35883394
4FGL J0756.6-7723,119.1718,-77.3895,bcu,0.5193797
4FGL J0757.1-3729,119.2835,-37.4955,bll,0.33921087
4FGL J0800.4-2257,120.1113,-22.9572,bcu,1.1860483
4FGL J0801.1+1335,120.2789,13.5853,bll,0.6927158
4FGL J0803.0+2439,120.7508,24.6583,bll,0.6226063
4FGL J0803.5+2046,120.8883,20.7678,bcu,1.9242067
4FGL J0804.0-3629,121.0076,-36.4854,bll,0.6960127
4FGL J0805.8-2331,121.4651,-23.533,bcu,0.830698
4FGL J0806.1-0458,121.539,-4.9792,bcu,0.625743
4FGL J0806.9-2151,121.7403,-21.8513,bcu,0.5369342
4FGL J0807.3-1954,121.8376,-19.916,bcu,0.37809187
4FGL J0809.3+3121,122.348,31.3533,bll,0.95998496
4FGL J0809.9-7028,122.4803,-70.467,bcu,0.44743788
4FGL J0810.5+6139,122.6432,61.6578,bcu,0.5801313
4FGL J0810.9-4926,122.7287,-49.4364,bcu,0.7203936
4FGL J0813.4+2531,123.3556,25.5319,fsrq,1.1332737
4FGL J0814.5-2642,123.6266,-26.7026,bcu,1.1292309
4FGL J0816.7-2420,124.1916,-24.3427,bcu,1.1867533
4FGL J0819.4+4035,124.854,40.5968,bll,0.40962827
4FGL J0820.1-2801,125.0399,-28.0255,bcu,0.3893827
4FGL J0820.6-0318,125.1514,-3.3049,bcu,0.4114699
4FGL J0820.7-5758,125.182,-57.9806,bcu,1.6940951
4FGL J0822.4-2630,125.6172,-26.502,bcu,0.75211227
4FGL J0822.9+0538,125.7327,5.6428,bcu,0.5682818
4FGL J0823.7-4838,125.9466,-48.641,bcu,1.1112326
4FGL J0824.7-1035,126.1901,-10.5985,bcu,1.120779
4FGL J0825.9-3218,126.4796,-32.3075,bcu,1.3103998
4FGL J0825.9-2230,126.4991,-22.5055,bll,0.6391689
4FGL J0827.6-3735,126.9137,-37.5918,bcu,2.0739887
4FGL J0828.7-2422,127.1802,-24.3744,bll,0.5706411
4FGL J0829.4+4019,127.3581,40.3189,bcu,0.67435867
4FGL J0830.1-0946,127.5427,-9.7728,bcu,0.4407081
4FGL J0833.0+3300,128.261,33.0138,bll,0.3830031
4FGL J0835.0+6243,128.7684,62.7193,bcu,0.9953101
4FGL J0835.8+1517,128.9613,15.2955,bll,0.9965896
4FGL J0835.9-2120,128.9862,-21.3456,bcu,0.4653977
4FGL J0836.0-8015,129.0037,-80.2565,bcu,0.35051435
4FGL J0837.4+2454,129.3682,24.9004,fsrq,1.2668407
4FGL J0840.1-0225,130.0394,-2.4326,bcu,0.32713008
4FGL J0840.9-7044,130.2395,-70.7487,bcu,0.6592834
4FGL J0841.0-2744,130.263,-27.7468,bcu,1.5140237
4FGL J0841.3-3554,130.3406,-35.9041,bll,0.56668735
4FGL J0843.0-0853,130.7739,-8.8878,bcu,1.3351358
4FGL J0843.1+5034,130.7877,50.5741,bll,0.5542726
4FGL J0844.9-5458,131.2478,-54.9721,bll,0.878527
4FGL J0845.7-5556,131.4473,-55.949,fsrq,0.62295425
4FGL J0846.5-2609,131.6416,-26.16,bcu,1.5371284
4FGL J0848.7-6942,132.1811,-69.7133,bcu,0.47966096
4FGL J0848.9+0205,132.2375,2.087,bll,0.6635008
4FGL J0849.4-2911,132.3511,-29.1863,bcu,0.82186115
4FGL J0849.8-3541,132.4516,-35.6877,bcu,0.91879964
4FGL J0851.9-5229,132.993,-52.4977,bcu,1.6216788
4FGL J0851.9+4845,132.9934,48.7566,bcu,1.132572
4FGL J0852.5-5755,133.1418,-57.9304,bcu,0.9303446
4FGL J0852.9-3824,133.2476,-38.4025,bcu,0.9210777
4FGL J0853.1-3657,133.2934,-36.9565,bcu,0.4664569
4FGL J0856.4-5309,134.1229,-53.1638,bcu,0.53762174
4FGL J0857.7+0137,134.4279,1.6254,bll,0.82651114
4FGL J0858.0-3130,134.5063,-31.5076,bll,0.64679414
4FGL J0859.2+0047,134.8184,0.7865,bll,0.47073022
4FGL J0859.4+8345,134.867,83.7558,bll,0.69558525
4FGL J0902.5-4801,135.6467,-48.0226,bcu,1.4369979
4FGL J0903.5+2847,135.8936,28.7935,bll,1.073915
4FGL J0904.5-3513,136.1404,-35.2308,bcu,1.2308798
4FGL J0904.9-5734,136.2315,-57.5833,bcu,0.43683147
4FGL J0906.7+4950,136.6943,49.8499,fsrq,1.1619076
4FGL J0907.1+0856,136.7897,8.9489,bll,0.19687231
4FGL J0907.8-1002,136.9521,-10.0466,bcu,0.36942533
4FGL J0908.5-8751,137.1494,-87.8662,bcu,1.4011786
4FGL J0909.1+6647,137.2797,66.7864,bcu,0.7566652
4FGL J0911.0-5047,137.7507,-50.7966,bcu,1.5072967
4FGL J0912.2+3004,138.0563,30.0779,bcu,0.7598147
4FGL J0913.9+1732,138.4922,17.5342,bcu,0.4119514
4FGL J0915.1-3738,138.7886,-37.642,bcu,0.4628427
4FGL J0918.9-0625,139.7281,-6.4178,bcu,1.3345534
4FGL J0919.3-2202,139.8482,-22.0472,bcu,0.39196005
4FGL J0920.2-3835,140.0695,-38.5999,bcu,0.57690734
4FGL J0920.3-0443,140.1,-4.7311,bcu,0.7291827
4FGL J0921.2-8211,140.3211,-82.1859,bcu,0.65198165
4FGL J0922.6-2116,140.6748,-21.2789,bcu,1.0675914
4FGL J0922.7-3959,140.6918,-39.9867,fsrq,1.261913
4FGL J0923.5+4210,140.8925,42.1752,bcu,0.87116426
4FGL J0928.3+7444,142.0867,74.7477,bcu,0.18587336
4FGL J0929.2+7302,142.3123,73.045,bcu,0.87428576
4FGL J0932.8+3337,143.2181,33.6302,bcu,0.5026246
4FGL J0933.5-0013,143.3778,-0.2198,bcu,1.3545369
4FGL J0933.5-5240,143.3964,-52.6753,bcu,0.4955025
4FGL J0935.4-6911,143.854,-69.1845,bcu,0.40534124
4FGL J0937.0-2044,144.2608,-20.7357,bcu,1.2042193
4FGL J0938.9-6403,144.747,-64.0518,bcu,0.65197384
4FGL J0940.7-6105,145.1788,-61.0855,bcu,1.6898837
4FGL J0947.9+1121,146.9914,11.3629,bll,0.5388581
4FGL J0950.2-1623,147.551,-16.3965,bcu,0.3300143
4FGL J0952.3-4342,148.0918,-43.7103,bcu,0.59370285
4FGL J0952.6-5048,148.1566,-50.8112,bcu,0.5885226
4FGL J0953.1-3005,148.2779,-30.0979,bcu,1.7128564
4FGL J0955.2+0835,148.8192,8.5907,bll,1.053245
4FGL J1002.3-1200,150.5962,-12.006,bcu,0.38818407
4FGL J1002.7+1218,150.6805,12.3055,fsrq,0.81523806
4FGL J1006.8-5007,151.7204,-50.1329,bcu,1.3063425
4FGL J1008.1+4706,152.0359,47.112,bll,0.43433434
4FGL J1010.2+8251,152.566,82.8641,fsrq,0.770065
4FGL J1011.1-2300,152.7923,-23.0126,bcu,1.0462321
4FGL J1012.3-1232,153.0773,-12.5498,bcu,0.6145054
4FGL J1013.3-2551,153.3359,-25.8595,bcu,1.5415329
4FGL J1014.9-4508,153.7325,-45.143,bcu,0.6118809
4FGL J1016.4+7703,154.1099,77.06,bcu,0.70257926
4FGL J1017.2-1549,154.3184,-15.8274,bcu,0.35892352
4FGL J1017.4+2538,154.365,25.6428,bcu,0.40437526
4FGL J1018.6+3126,154.6541,31.443,bll,0.64707875
4FGL J1021.3+3805,155.344,38.0878,bll,0.49584028
4FGL J1021.9+5123,155.4937,51.3868,bll,0.530671
4FGL J1028.7-6431c,157.182,-64.5306,bcu,2.0586226
4FGL J1031.8-2609,157.9531,-26.1623,bcu,0.35547572
4FGL J1032.3-1358,158.0851,-13.9829,fsrq,1.212514
4FGL J1033.5-5035,158.381,-50.586,bll,0.31061786
4FGL J1034.7-4645,158.6942,-46.7519,bll,0.34048885
4FGL J1035.9-3108,158.9872,-31.1461,bcu,0.40958324
4FGL J1036.6-3741,159.1673,-37.6853,fsrq,1.8765626
4FGL J1037.0-1954,159.272,-19.9048,bcu,0.357377
4FGL J1038.5+3926,159.633,39.4384,bll,0.44027734
4FGL J1038.8-5312,159.7129,-53.2069,fsrq,1.6054168
4FGL J1039.6+0535,159.9102,5.5913,bcu,0.42891487
4FGL J1040.5+0947,160.1301,9.7947,bll,0.48672876
4FGL J1041.3-6437,160.335,-64.6169,bcu,0.9810966
4FGL J1041.5+0607,160.3816,6.1257,fsrq,1.1030114
4FGL J1045.3+2751,161.3406,27.8515,bll,0.46097815
4FGL J1045.9+7538,161.4868,75.6485,bcu,0.39402312
4FGL J1047.2-5517,161.8002,-55.2931,bcu,0.9511006
4FGL J1047.4+0031,161.8516,0.5289,bcu,0.6153425
4FGL J1047.8-6216,161.9609,-62.2745,bcu,1.1387391
4FGL J1047.9-4642,161.991,-46.715,bcu,1.0202179
4FGL J1048.0-1912,162.0042,-19.212,fsrq,0.733883
4FGL J1048.5-4114,162.1456,-41.2461,fsrq,0.32094812
4FGL J1050.6+2027,162.664,20.4617,fsrq,0.7631202
4FGL J1050.6-5248,162.6699,-52.8102,bcu,1.189754
4FGL J1051.2-6517,162.8163,-65.2997,bcu,0.79648256
4FGL J1053.3-1134,163.3303,-11.5726,bcu,1.2515936
4FGL J1053.9+8628,163.4904,86.4725,bcu,0.8470466
4FGL J1056.0+0253,164.0027,2.8935,bll,0.26593786
4FGL J1057.8-0100,164.4635,-1.0054,bll,0.3588467
4FGL J1058.0+4305,164.5181,43.0938,bll,0.7180973
4FGL J1101.6-4358,165.4071,-43.9671,fsrq,1.1207314
4FGL J1102.0-6054,165.5107,-60.9097,bcu,1.4226683
4FGL J1102.1+2249,165.5471,22.8323,fsrq,1.6195544
4FGL J1102.9-5628,165.7386,-56.4774,bcu,0.78329
4FGL J1103.2+8603,165.8184,86.0628,bcu,0.724983
4FGL J1103.9-5357,165.9757,-53.9647,bll,0.90629834
4FGL J1104.0+0020,166.017,0.3352,bll,0.6390223
4FGL J1105.7+6037,166.4393,60.6216,fsrq,0.64597285
4FGL J1108.8-6833,167.2242,-68.5646,bcu,1.5696094
4FGL J1111.4-4624,167.8557,-46.4119,bcu,1.2709668
4FGL J1111.5+3455,167.8794,34.9289,bll,0.33299756
4FGL J1112.0+2607,168.0122,26.1284,bll,0.44493604
4FGL J1113.6-1920,168.4048,-19.3359,bcu,1.1156771
4FGL J1116.3-4000,169.0942,-40.0046,bcu,0.3678414
4FGL J1117.2+0008,169.3012,0.1435,bll,0.30864853
4FGL J1117.2-5337,169.3179,-53.6266,bcu,0.5087988
4FGL J1117.5-4839,169.3881,-48.6638,bcu,1.3662394
4FGL J1117.7-3650,169.4377,-36.8349,bcu,0.37113252
4FGL J1118.0-1620,169.5012,-16.3439,bcu,1.8482414
4FGL J1123.5-6418,170.8892,-64.3109,bcu,1.1031656
4FGL J1125.0-5804,171.2543,-58.0822,bcu,0.6565267
4FGL J1127.3+3755,171.8378,37.9236,bcu,1.1139675
4FGL J1132.3-5606,173.0826,-56.1139,bcu,1.3644177
4FGL J1132.8-5328,173.2227,-53.4682,bcu,0.77700347
4FGL J1133.8-2048,173.451,-20.811,bll,0.40583172
4FGL J1134.7+6612,173.6776,66.2107,bll,0.9144408
4FGL J1136.0-6824,174.0207,-68.4113,bcu,0.9612224
4FGL J1139.0+5530,174.7715,55.5088,bll,0.56763685
4FGL J1139.6+1149,174.9131,11.8182,bcu,1.3269308
4FGL J1143.7-1014,175.9465,-10.2402,bcu,1.5831323
4FGL J1143.9+1558,175.9899,15.9739,bll,0.5525512
4FGL J1145.5-0340,176.3941,-3.6753,bll,0.43269622
4FGL J1145.6+5552,176.4098,55.8798,bcu,0.8061046
4FGL J1145.7-6949,176.4382,-69.8314,fsrq,1.7220266
4FGL J1145.7-1528,176.4459,-15.4828,bcu,1.4684383
4FGL J1146.4-0926,176.6036,-9.4467,bcu,0.904353
4FGL J1147.4-6758,176.8737,-67.981,fsrq,1.5047587
4FGL J1149.1+2819,177.277,28.3304,bcu,0.5154362
4FGL J1149.2+6246,177.3205,62.7678,bll,0.7179252
4FGL J1150.0+1033,177.5053,10.5556,bll,0.37291667
4FGL J1153.7-3210,178.4283,-32.1824,bcu,1.1053538
4FGL J1155.2+4320,178.8135,43.3409,fsrq,0.81379384
4FGL J1155.6-6547,178.9093,-65.7945,bcu,1.4264855
4FGL J1155.8-1217,178.9688,-12.2848,bcu,0.9195942
4FGL J1156.6+0640,179.1636,6.6728,bcu,1.0333738
4FGL J1156.8-1537,179.224,-15.6181,bcu,0.89319104
4FGL J1158.9+0956,179.7309,9.9487,bcu,1.3296763
4FGL J1202.5-0528,180.6291,-5.4709,fsrq,2.1953628
4FGL J1202.9+5141,180.7372,51.6899,bcu,1.0965483
4FGL J1203.7+5821,180.9378,58.3638,bll,0.6530111
4FGL J1204.4+3750,181.1076,37.8406,bcu,1.3109505
4FGL J1204.8+0407,181.2027,4.12,fsrq,0.53138345
4FGL J1209.7+2548,182.4444,25.8007,fsrq,0.53310955
4FGL J1210.3+3928,182.5993,39.4798,bll,0.21106513
4FGL J1211.8-4817,182.9577,-48.2948,bcu,0.43966326
4FGL J1212.1+6412,183.0372,64.2019,bcu,0.6165803
4FGL J1214.6-1926,183.6702,-19.4481,bcu,1.3773783
4FGL J1215.0+5351,183.7663,53.8528,bll,0.6790117
4FGL J1216.2-6121,184.0505,-61.3587,bcu,1.5089924
4FGL J1216.3-1032,184.0787,-10.5338,fsrq,1.3363297
4FGL J1219.8+6600,184.9702,66.0037,fsrq,0.78363556
4FGL J1221.1+4742,185.291,47.7149,bll,0.7419238
4FGL J1221.2+6910,185.304,69.1681,bcu,0.47945666
4FGL J1221.9+3543,185.4895,35.7262,bll,0.61432886
4FGL J1223.8+4649,185.9647,46.8243,bll,0.5489635
4FGL J1223.9-0545,185.9965,-5.7548,bcu,1.7087035
4FGL J1225.0+0330,186.2519,3.5098,fsrq,0.86698896
4FGL J1225.4-1550,186.3699,-15.847,bcu,0.6680211
4FGL J1225.6-4937,186.414,-49.6176,bcu,1.3987166
4FGL J1225.8-2941,186.465,-29.6971,bcu,0.6956753
4FGL J1227.8+6053,186.9749,60.8841,bcu,0.45817193
4FGL J1229.1+5521,187.2977,55.352,bcu,0.9766562
4FGL J1229.7-5304,187.4442,-53.0704,bll,0.34039706
4FGL J1234.0-5735,188.5194,-57.5961,bcu,0.57746166
4FGL J1234.2+2813,188.5695,28.2326,bll,0.6658076
4FGL J1235.1-1405,188.7953,-14.0893,bll,0.7131913
4FGL J1237.0+3019,189.2534,30.319,bll,0.5769456
4FGL J1239.5+4134,189.8934,41.5683,bll,0.5930304
4FGL J1240.1-6846,190.0475,-68.7734,bcu,0.7793866
4FGL J1240.4-7148,190.116,-71.8156,bcu,0.2679773
4FGL J1241.6+3844,190.423,38.7469,bcu,1.1647897
4FGL J1242.6+7635,190.666,76.5856,bll,0.36866698
4FGL J1250.2+3157,192.5535,31.9582,bll,0.57448655
4FGL J1251.3-1719,192.837,-17.321,fsrq,1.2776105
4FGL J1252.8-3321,193.2202,-33.3564,fsrq,0.47210288
4FGL J1254.9-7141,193.7267,-71.6931,bcu,1.4731212
4FGL J1256.1-5919,194.0333,-59.3198,bcu,0.44689175
4FGL J1259.5+2332,194.8872,23.5491,bcu,0.8890711
4FGL J1300.3+5353,195.0868,53.899,bll,1.2734823
4FGL J1302.7+4750,195.687,47.8495,bll,0.89456284
4FGL J1304.0-5539,196.0049,-55.6515,bcu,1.6093402
4FGL J1305.9+3858,196.4776,38.9759,bll,0.42795599
4FGL J1306.5+1926,196.6291,19.4391,bcu,1.248285
4FGL J1307.1-0344,196.7818,-3.7498,bcu,0.75905967
4FGL J1308.1-3801,197.0294,-38.0178,bcu,0.31583184
4FGL J1308.4-6706,197.1104,-67.1081,bcu,1.4242967
4FGL J1310.1-0450,197.5428,-4.8433,bcu,1.159763
4FGL J1310.7-5553,197.6837,-55.8867,bcu,1.58926
4FGL J1313.6+0159,198.4232,1.9936,bll,1.1155577
4FGL J1314.7-0901,198.6865,-9.0322,bcu,0.2417196
4FGL J1315.1-5333,198.7978,-53.5649,bll,1.1928879
4FGL J1315.4+8453,198.8673,84.8871,bcu,1.2990475
4FGL J1315.9-6349c,198.9926,-63.8294,bcu,1.011501
4FGL J1316.7+2054,199.1905,20.9098,bcu,0.5750868
4FGL J1317.1+6613,199.2822,66.222,bcu,1.0497395
4FGL J1317.6+7450,199.4106,74.8383,bcu,0.77349836
4FGL J1322.0-5921,200.5183,-59.3571,bcu,0.7775575
4FGL J1325.3+6621,201.3416,66.3574,bll,0.63848096
4FGL J1326.1-6800,201.5352,-68.0014,bcu,1.5728519
4FGL J1326.1+2933,201.538,29.5529,bll,0.4035909
4FGL J1326.2+4115,201.559,41.2593,bll,0.6167306
4FGL J1326.6+0152,201.6598,1.8798,bcu,0.4233367
4FGL J1326.8-5256,201.7201,-52.9376,bll,1.2289299
4FGL J1327.0+3154,201.7683,31.9013,bcu,0.40756246
4FGL J1328.6+1145,202.1667,11.7627,bll,0.38459197
4FGL J1329.0-5607,202.2672,-56.1186,bll,1.3237444
4FGL J1330.2-7003,202.5616,-70.0586,bcu,1.2687769
4FGL J1330.4+2416,202.612,24.2727,bll,0.8389925
4FGL J1333.0-6626,203.2648,-66.4387,bcu,1.2646885
4FGL J1336.2+2107,204.0507,21.1204,bll,0.49623913
4FGL J1336.5-1529,204.1488,-15.4921,bcu,0.88481784
4FGL J1338.1-0931,204.5312,-9.5174,bcu,0.50545067
4FGL J1340.1+3857,205.0427,38.9623,bcu,1.2155151
4FGL J1340.4+6926,205.1099,69.4446,bcu,1.6509765
4FGL J1341.7-3907,205.4326,-39.1223,bcu,0.7762411
4FGL J1346.3+7227,206.5988,72.4612,bcu,0.79070073
4FGL J1347.4+7309,206.8557,73.1545,bcu,0.9262787
4FGL J1347.9-0618,206.9929,-6.3013,bcu,0.9544805
4FGL J1348.9+0756,207.2452,7.9449,bll,0.34592992
4FGL J1349.5-7153,207.3767,-71.8837,bcu,1.2676582
4FGL J1353.6-6640,208.4055,-66.6719,bll,0.2162232
4FGL J1354.1-8750,208.5448,-87.8397,bcu,0.95403415
4FGL J1354.7+0623,208.6951,6.3899,bll,0.41491818
4FGL J1356.2-2454,209.0635,-24.9101,bcu,1.5376908
4FGL J1358.9-0703,209.7392,-7.0621,bcu,1.5773389
4FGL J1359.4+1809,209.8631,18.1611,bcu,0.36149365
4FGL J1400.6-5605,210.1567,-56.0879,bcu,0.9977035
4FGL J1403.6+3606,210.9023,36.1117,bcu,0.32544097
4FGL J1406.5-0054,211.6411,-0.9007,bll,1.0517673
4FGL J1407.1+5312,211.7921,53.2083,bll,0.9550096
4FGL J1407.5-2706,211.8913,-27.1041,bll,0.3393633
4FGL J1408.7+3617,212.1754,36.2885,bcu,0.71606576
4FGL J1409.7+5940,212.4382,59.672,bll,0.68808216
4FGL J1410.3+6058,212.5967,60.977,bll,0.57408035
4FGL J1412.2+2132,213.0705,21.5425,bcu,1.1717514
4FGL J1414.5+0826,213.6421,8.4372,bcu,0.98275006
4FGL J1415.9-1002,213.976,-10.0483,fsrq,2.143359
4FGL J1416.0+1320,214.0034,13.3386,bcu,0.18683411
4FGL J1416.0+3443,214.0143,34.7202,bcu,1.5766445
4FGL J1417.9+4613,214.4818,46.2327,fsrq,1.312937
4FGL J1419.6-5153,214.9222,-51.8901,bcu,0.9287818
4FGL J1421.1+3859,215.2922,38.9966,fsrq,1.1357573
4FGL J1422.5+3223,215.6371,32.385,fsrq,0.9542961
4FGL J1423.6-7829,215.9156,-78.485,fsrq,1.5044931
4FGL J1424.5+3433,216.1304,34.5555,bll,0.53217465
4FGL J1424.5+3705,216.1447,37.0954,bll,0.4927531
4FGL J1424.8-6808,216.2169,-68.1489,bcu,1.1969608
4FGL J1425.8+1423,216.4644,14.3863,fsrq,1.2730435
4FGL J1428.3+5635,217.0828,56.5947,fsrq,1.162307
4FGL J1428.7-1017,217.1991,-10.2964,bcu,0.55517334
4FGL J1430.5+3647,217.6397,36.7963,fsrq,1.012224
4FGL J1431.0-4458,217.7661,-44.98,bll,1.3233432
4FGL J1433.7-7304,218.4321,-73.0795,bll,0.33648878
4FGL J1434.5+5428,218.6252,54.4833,bcu,1.087057
4FGL J1437.3-3239,219.3259,-32.6569,bcu,1.3804255
4FGL J1438.1-2201,219.5402,-22.0305,fsrq,1.0500653
4FGL J1438.4+2924,219.6139,29.4101,bll,0.4819051
4FGL J1438.6+1205,219.6598,12.0855,bll,0.3739852
4FGL J1449.6-2137,222.422,-21.6271,fsrq,1.2074401
4FGL J1451.8-3851,222.9562,-38.8536,bcu,0.6999114
4FGL J1454.8-2456,223.7199,-24.9468,fsrq,1.3217381
4FGL J1455.0+0247,223.7616,2.7958,bll,0.55367476
4FGL J1458.1+4119,224.5255,41.3274,bcu,0.42279094
4FGL J1459.0-5353,224.7741,-53.8928,bcu,0.9352718
4FGL J1503.3-8136,225.8319,-81.6159,bcu,1.1665473
4FGL J1503.6-6427,225.91,-64.4517,bcu,1.1146429
4FGL J1503.7-5801,225.9257,-58.0299,bcu,1.4871668
4FGL J1503.9-4247,225.997,-42.7999,bcu,1.165552
4FGL J1507.2-1651,226.8071,-16.8609,fsrq,0.92215174
4FGL J1508.5-4951,227.1437,-49.8622,bcu,1.8905119
4FGL J1510.4-3017,227.6063,-30.2936,bcu,1.0096654
4FGL J1512.9-5639,228.2495,-56.6553,bcu,1.2367368
4FGL J1513.0-6549,228.2712,-65.828,bcu,1.6641743
4FGL J1513.4-0753,228.3685,-7.8903,bll,0.5267943
4FGL J1514.8-4748,228.7002,-47.8141,fsrq,0.9220518
4FGL J1515.7-2321,228.9344,-23.3645,bcu,0.36518374
4FGL J1516.0+2424,229.0096,24.408,bll,0.35974768
4FGL J1516.4-1523,229.1084,-15.3853,bll,0.321867
4FGL J1517.3+6630,229.3307,66.5075,bcu,1.5950302
4FGL J1521.7+1650,230.4373,16.8397,bcu,1.3213255
4FGL J1523.1+3413,230.7842,34.2306,bcu,1.0303347
4FGL J1523.2+2818,230.8247,28.3127,bcu,0.7336179
4FGL J1524.2+1523,231.0535,15.3853,fsrq,0.8758979
4FGL J1524.8-5904,231.2077,-59.0679,bcu,1.0213894
4FGL J1525.7-4334,231.4281,-43.5747,bcu,1.8837327
4FGL J1527.4+1717,231.8711,17.2923,bcu,1.5962436
4FGL J1532.7+2342,233.1866,23.708,bcu,1.0923698
4FGL J1535.8-4730,233.9586,-47.5085,bcu,1.3073695
4FGL J1536.9-3731,234.2386,-37.5322,bcu,0.2800594
4FGL J1540.1+4142,235.0281,41.7113,bll,0.70855546
4FGL J1541.1+3451,235.2762,34.8614,bcu,0.6640527
4FGL J1543.3+1026,235.8495,10.443,bcu,1.017521
4FGL J1543.6+6551,235.9023,65.8647,bcu,0.50218314
4FGL J1544.3-0649,236.0785,-6.8255,bcu,0.21230893
4FGL J1544.7+5017,236.1828,50.2871,bll,0.5427191
4FGL J1545.0-6642,236.2507,-66.7017,bll,0.20737639
4FGL J1546.4-2903,236.6231,-29.0558,bcu,0.88016987
4FGL J1547.9-6403,236.9922,-64.0511,bcu,2.1682124
4FGL J1548.3+6615,237.0982,66.2639,bcu,0.5545231
4FGL J1548.4-2109,237.1025,-21.1656,bcu,0.6400168
4FGL J1549.0+4821,237.2583,48.3617,bll,0.40800822
4FGL J1549.0+7846,237.2624,78.783,bcu,0.31184435
4FGL J1553.3+0600,238.3284,6.0127,bll,0.97423935
4FGL J1553.5-6910,238.3897,-69.1818,bcu,0.31404614
4FGL J1554.0-0243,238.5185,-2.7314,bcu,1.2687733
4FGL J1555.2-4149,238.8244,-41.8282,bcu,1.2887491
4FGL J1556.1+2812,239.0464,28.2068,bcu,0.45462596
4FGL J1556.6+1417,239.1532,14.2857,bcu,1.4214815
4FGL J1558.1+6239,239.5386,62.6538,bcu,0.89843607
4FGL J1558.9-6432,239.7377,-64.5404,bll,0.24385741
4FGL J1559.8-0425,239.9645,-4.4309,bcu,0.9009513
4FGL J1600.3-5811,240.0983,-58.184,bll,1.2600892
4FGL J1602.0-0641,240.5039,-6.6856,bcu,1.4488178
4FGL J1603.5+1552,240.8816,15.8733,bcu,0.67675865
4FGL J1603.8-4903,240.9665,-49.0617,bll,0.36010134
4FGL J1604.5-4441,241.1277,-44.6903,bll,0.7627092
4FGL J1604.7+1734,241.1857,17.5717,bll,0.758651
4FGL J1604.9-3414,241.2289,-34.2385,bcu,0.57313275
4FGL J1605.8+7208,241.4536,72.1386,bcu,0.47025448
4FGL J1606.2+1346,241.568,13.768,bll,0.2002769
4FGL J1606.6+1324,241.6681,13.4042,bcu,0.8331374
4FGL J1606.8-0351,241.7117,-3.8625,bcu,1.0684774
4FGL J1607.8+2541,241.9749,25.6834,bll,0.43241358
4FGL J1608.0-1625,242.0209,-16.4185,bcu,1.389103
4FGL J1610.3-3958,242.5981,-39.9737,fsrq,1.0789088
4FGL J1611.1+2501,242.7811,25.0176,bcu,1.0412368
4FGL J1611.3-0930,242.8388,-9.5078,bcu,0.7985468
4FGL J1612.4-0554,243.1206,-5.9098,bll,1.3720827
4FGL J1613.5-4225,243.3822,-42.4223,bcu,0.8568515
4FGL J1614.4+5028,243.6016,50.4723,bcu,0.3389166
4FGL J1614.8-0850,243.7106,-8.8379,bcu,0.5832386
4FGL J1616.5-3500,244.1297,-35.0019,bcu,1.7571669
4FGL J1617.3-5849,244.3486,-58.8257,fsrq,1.5059415
4FGL J1618.8+0620,244.7164,6.3458,bll,1.0869615
4FGL J1621.3-0030,245.3455,-0.5091,bll,0.64936703
4FGL J1622.9+4401,245.7389,44.026,bll,0.6366349
4FGL J1624.9-4210,246.2297,-42.1764,bcu,1.5579648
4FGL J1625.2-3600,246.3117,-36.009,bcu,1.2760115
4FGL J1626.0+5436,246.5071,54.6068,bcu,1.4740611
4FGL J1626.5-7435,246.6358,-74.594,bcu,0.65861666
4FGL J1628.8-6149,247.2171,-61.8313,fsrq,1.6483891
4FGL J1631.0-5302,247.7563,-53.0406,bcu,1.1028129
4FGL J1631.2+4926,247.8008,49.4481,fsrq,0.7796731
4FGL J1631.5+4219,247.8785,42.3264,bll,0.49206305
4FGL J1633.5+2806,248.3896,28.106,bcu,1.544488
4FGL J1635.3+0911,248.8298,9.1844,bcu,1.4326165
4FGL J1636.3+7128,249.0954,71.4803,bcu,1.1780914
4FGL J1636.9-4103,249.2432,-41.0655,bcu,1.4062685
4FGL J1637.2+4327,249.3249,43.4565,bll,0.5417728
4FGL J1637.8-3449,249.467,-34.8189,bll,0.6228922
4FGL J1642.3-8108,250.5855,-81.1375,bll,0.7918849
4FGL J1642.4+6855,250.6169,68.9266,fsrq,0.5927611
4FGL J1643.0-7714,250.7719,-77.2488,bll,1.1146983
4FGL J1644.5-4602c,251.144,-46.0478,bcu,1.2700734
4FGL J1644.8-2154c,251.2231,-21.9105,bcu,1.1426294
4FGL J1647.6-1210,251.9003,-12.1753,bcu,1.848836
4FGL J1648.1-2920,252.0402,-29.3402,bcu,1.4605981
4FGL J1649.3+8252,252.3422,82.8755,bcu,0.5943396
4FGL J1650.3-5045,252.5894,-50.7515,bll,0.7797578
4FGL J1651.0-1523,252.7592,-15.3883,bcu,1.2927396
4FGL J1654.0-3509,253.5107,-35.1552,bcu,0.5296191
4FGL J1655.1-2239,253.79,-22.6527,bcu,0.43878376
4FGL J1655.9+3248,253.9909,32.8081,bll,0.7533866
4FGL J1656.3-3301,254.0946,-33.0189,fsrq,2.0015633
4FGL J1657.7+0738,254.4417,7.6334,fsrq,0.97066605
4FGL J1659.7-3131,254.9455,-31.5209,bcu,0.32184651
4FGL J1701.7-5621,255.4389,-56.3588,bcu,1.042118
4FGL J1705.3-6946,256.3427,-69.7753,bcu,0.7513152
4FGL J1705.5-7423,256.385,-74.3953,bll,0.28373677
4FGL J1706.9+4543,256.7427,45.7248,fsrq,0.7434864
4FGL J1707.9+0016,256.9886,0.2731,bcu,1.0678898
4FGL J1709.0-3525,257.2514,-35.4315,bcu,0.8447996
4FGL J1710.3-3943,257.5945,-39.7223,bcu,1.2797027
4FGL J1711.1+0242,257.7765,2.7005,bcu,0.46284574
4FGL J1711.1-4600c,257.7816,-46.0058,bcu,1.3405044
4FGL J1711.6-5027,257.903,-50.454,bcu,1.2974943
4FGL J1712.5-3142,258.1404,-31.702,bcu,1.2404565
4FGL J1713.2-3417,258.3235,-34.294,bcu,0.5805204
4FGL J1715.4-4025,258.869,-40.4294,bcu,0.99196434
4FGL J1716.3-3421,259.0805,-34.352,bcu,1.2324216
4FGL J1716.6-6707,259.1546,-67.1177,bcu,0.8896004
4FGL J1717.5-3342,259.3985,-33.7003,bll,1.2934238
4FGL J1717.6-5154,259.4026,-51.909,fsrq,1.7397772
4FGL J1718.0-3055,259.5229,-30.9298,bcu,0.7431435
4FGL J1720.0-5101,260.0239,-51.0167,bcu,1.8142294
4FGL J1725.4+5254,261.3613,52.9144,bcu,0.3862176
4FGL J1727.9-0654,261.9879,-6.9124,bcu,1.1768273
4FGL J1730.6+3805,262.6642,38.0855,bcu,0.3617068
4FGL J1731.6-3002,262.9192,-30.0457,bll,0.9310218
4FGL J1731.9-2719,262.9821,-27.3294,bcu,0.6224221
4FGL J1733.4+1521,263.3507,15.3547,bcu,1.6414889
4FGL J1733.4-3943,263.3722,-39.725,bcu,0.28860074
4FGL J1733.4+4517,263.3728,45.2892,bll,0.422604
4FGL J1735.0-0132,263.7734,-1.5493,bcu,0.35650218
4FGL J1736.9-3357,264.23,-33.9633,bcu,1.107483
4FGL J1737.6-1503,264.4203,-15.0589,bcu,1.3116978
4FGL J1738.0+0236,264.5065,2.6116,bcu,1.8679872
4FGL J1738.3+3228,264.584,32.4823,fsrq,1.2556458
4FGL J1738.8+3822,264.7157,38.3727,bcu,0.37680554
4FGL J1738.8-3418,264.7225,-34.31,bcu,1.1410316
4FGL J1741.5-3119,265.3781,-31.3302,bcu,0.8803873
4FGL J1741.8-2537,265.4577,-25.6206,bcu,0.43616432
4FGL J1742.4-1518,265.6097,-15.3079,bcu,0.99539685
4FGL J1743.9-1824,265.9848,-18.4132,bcu,1.3681448
4FGL J1743.9+3747,265.9996,37.794,fsrq,0.6199556
4FGL J1744.1+4635,266.0325,46.595,bcu,0.5827644
4FGL J1744.9-1727,266.235,-17.4514,bcu,0.25331602
4FGL J1745.1+4102,266.2927,41.0389,bcu,0.69011194
4FGL J1746.8-5235,266.7199,-52.5868,bcu,1.8981533
4FGL J1747.4+2330,266.8689,23.5048,fsrq,1.5648624
4FGL J1747.4+2759,266.8689,27.9949,bcu,1.0612234
4FGL J1747.6-4211,266.9087,-42.1929,bcu,1.2631645
4FGL J1748.5-0854,267.1366,-8.9017,bcu,0.38441342
4FGL J1749.0-2327,267.2518,-23.4554,bcu,1.2584258
4FGL J1750.2+4704,267.551,47.0777,bll,0.6547245
4FGL J1751.6-1750,267.9064,-17.838,bcu,0.35167676
4FGL J1752.1+4531,268.0298,45.5316,bcu,0.60701483
4FGL J1752.6-1010,268.1596,-10.1763,bcu,0.9061051
4FGL J1753.3-3325,268.3497,-33.4169,bcu,0.7239288
4FGL J1753.4-5913,268.3596,-59.2257,bcu,0.37951624
4FGL J1758.2+6532,269.5598,65.5393,bcu,1.083136
4FGL J1758.3-3028,269.5981,-30.4684,bcu,0.8951463
4FGL J1758.7-1621,269.685,-16.3556,bcu,1.2386369
4FGL J1759.1-3849,269.7931,-38.8217,bcu,1.7348125
4FGL J1801.5+2123,270.3972,21.3971,bcu,0.7264257
4FGL J1801.8+2951,270.4549,29.8532,bcu,0.54352075
4FGL J1802.6-3940,270.6711,-39.6687,fsrq,1.1787643
4FGL J1803.5+2756,270.8796,27.9403,bcu,0.42902043
4FGL J1803.9+0342,270.9939,3.7053,fsrq,0.9148176
4FGL J1804.4+5249,271.1186,52.8323,bcu,0.33633435
4FGL J1806.2+6143,271.5673,61.726,bcu,0.9677187
4FGL J1809.6-2443,272.4027,-24.7248,bcu,0.31662107
4FGL J1810.0-4550,272.5231,-45.8391,bcu,1.2960042
4FGL J1811.2-2759,272.8079,-27.9956,bcu,0.25361046
4FGL J1814.2+4114,273.5578,41.2358,fsrq,1.0997435
4FGL J1815.2-2715,273.8131,-27.2574,bcu,0.7012109
4FGL J1816.7+0951,274.1885,9.8562,bcu,0.5922359
4FGL J1817.9+2707,274.4893,27.1185,bcu,1.1877435
4FGL J1823.6-3453,275.9109,-34.8952,bcu,0.38584045
4FGL J1824.5+0107,276.125,1.1251,bcu,1.6048781
4FGL J1826.1-2922,276.5493,-29.3757,bcu,0.80910677
4FGL J1827.4+3424,276.8623,34.4065,fsrq,1.3484927
4FGL J1828.5-5920,277.1422,-59.3495,bcu,0.4500019
4FGL J1829.0-2417,277.2585,-24.2906,bll,0.18479751
4FGL J1830.0+3958,277.5034,39.9679,bcu,2.1125228
4FGL J1830.1+0617,277.5363,6.2878,fsrq,1.2862486
4FGL J1830.7-2713,277.6924,-27.2281,bcu,0.6003376
4FGL J1833.6-2103,278.4101,-21.0574,FSRQ,1.3645245
4FGL J1834.7-5858,278.6874,-58.9818,bll,0.7685856
4FGL J1835.5+1349,278.8835,13.8176,bll,1.3940326
4FGL J1835.7-0541,278.9307,-5.6984,bcu,0.43481964
4FGL J1837.3+1052,279.3296,10.8785,bcu,1.35084
4FGL J1837.4-1646,279.351,-16.7732,bcu,1.6145743
4FGL J1838.5+5733,279.6498,57.5551,bll,0.655579
4FGL J1839.6-7107,279.9142,-71.1243,fsrq,1.846095
4FGL J1840.3-3037,280.0891,-30.6171,bcu,1.4002362
4FGL J1840.5+3707,280.1475,37.1172,bcu,1.6479789
4FGL J1842.4+7613,280.6115,76.2171,bcu,1.317809
4FGL J1843.8-2011,280.9592,-20.1961,bcu,0.8990863
4FGL J1844.4+1547,281.1174,15.7888,bll,0.61699426
4FGL J1845.0+1613,281.2623,16.2186,bcu,0.9056391
4FGL J1849.2-1647,282.3148,-16.7835,bll,0.21121375
4FGL J1850.1-0758,282.5394,-7.9701,bcu,0.3201727
4FGL J1851.5+3406,282.8762,34.1049,bcu,1.1683116
4FGL J1855.4+7350,283.8528,73.8402,fsrq,1.221752
4FGL J1855.8-2028,283.9749,-20.4694,bcu,0.81105226
4FGL J1857.8+3544,284.4562,35.7434,bcu,0.5480851
4FGL J1857.9+0313c,284.4784,3.2185,bcu,1.064926
4FGL J1858.1-1821,284.5268,-18.3569,bcu,0.37539852
4FGL J1858.5+0640,284.63,6.6766,bcu,0.745891
4FGL J1859.0+2329,284.7715,23.4993,bcu,0.67154145
4FGL J1901.0+6208,285.2614,62.1436,bcu,0.85655916
4FGL J1901.0-1739,285.2623,-17.6506,bcu,1.1599282
4FGL J1902.4-0629,285.6021,-6.4843,bcu,0.2345353
4FGL J1902.8+3201,285.7152,32.0189,fsrq,1.1954725
4FGL J1907.2+0126,286.8176,1.4449,bcu,0.47412756
4FGL J1907.7-1232,286.9402,-12.5382,bcu,0.7125672
4FGL J1911.5+0311,287.8984,3.1842,bcu,0.61460054
4FGL J1912.0+1612,288.0206,16.2021,bcu,0.9651946
4FGL J1912.1-0803,288.0284,-8.0589,bcu,1.0241474
4FGL J1912.2-2056,288.0509,-20.9481,fsrq,1.3379788
4FGL J1912.4+3738,288.1193,37.6495,fsrq,1.0771351
4FGL J1913.2+0512,288.308,5.2059,bcu,1.709455
4FGL J1915.3+1149,288.8357,11.8178,bcu,1.4943181
4FGL J1916.8+4201,289.2088,42.0251,bcu,0.5829315
4FGL J1919.2+0618,289.8136,6.3107,bcu,1.4551363
4FGL J1919.4-4550,289.8547,-45.844,fsrq,0.9261621
4FGL J1921.7+5817,290.4473,58.2965,bcu,0.2748801
4FGL J1922.2+2314,290.5662,23.2477,bcu,0.5103068
4FGL J1922.6-6324,290.6558,-63.4082,bcu,1.0959918
4FGL J1923.5+7354,290.886,73.902,fsrq,1.4628888
4FGL J1925.0+2815,291.2683,28.2643,bcu,0.3595323
4FGL J1925.1-3358,291.2856,-33.9797,fsrq,1.0802733
4FGL J1925.7+1227,291.4312,12.4639,bcu,1.0920501
4FGL J1926.1+2059,291.5316,20.9948,bll,0.9160868
4FGL J1930.3+0911,292.5854,9.1975,bcu,2.0672657
4FGL J1931.1+0937,292.784,9.6314,bll,0.47816288
4FGL J1931.2+5958,292.8234,59.9744,bcu,0.6709363
4FGL J1931.5+5229,292.894,52.4838,bcu,1.3480823
4FGL J1933.3+0726,293.341,7.44,bll,0.26064494
4FGL J1934.5+6139,293.6352,61.6522,fsrq,0.34568965
4FGL J1942.1+4011,295.539,40.1984,bcu,0.5982344
4FGL J1942.7+1033,295.696,10.5584,bll,0.2617902
4FGL J1943.6-0533,295.9249,-5.5665,bcu,0.6157873
4FGL J1943.9-2705,295.9981,-27.0903,bcu,0.63798785
4FGL J1944.0+2117,296.0049,21.2904,bcu,0.53232384
4FGL J1944.2+3921,296.0679,39.3645,bcu,0.72639203
4FGL J1946.0+0937,296.5129,9.6193,bcu,0.4176887
4FGL J1946.4+6031,296.6041,60.5333,bcu,0.23698114
4FGL J1948.3+1207,297.0993,12.1167,bcu,1.3948998
4FGL J1949.0+1314,297.2503,13.2451,bcu,0.9956816
4FGL J1949.2+7250,297.3178,72.8435,bcu,1.1014646
4FGL J1949.4+1247,297.3707,12.7931,bcu,0.8205579
4FGL J1949.5+0906,297.3902,9.1054,bll,0.41560614
4FGL J1949.9-6134,297.4908,-61.5678,bcu,0.93366015
4FGL J1950.0-7321,297.5093,-73.3641,bcu,0.17438765
4FGL J1950.6+3456,297.6642,34.9434,bcu,0.5970136
4FGL J1950.8+1211,297.7222,12.1995,bcu,1.573709
4FGL J1951.2-0951,297.8161,-9.8568,bcu,1.1502471
4FGL J1951.6-4624,297.902,-46.4156,bcu,0.4526744
4FGL J1953.0+7651,298.2542,76.8514,bcu,0.3508972
4FGL J1955.2+1358,298.8201,13.9824,fsrq,1.2661347
4FGL J1958.1+2438,299.5284,24.6417,bcu,0.34535035
4FGL J1959.0+3844,299.7663,38.7368,bcu,1.4306451
4FGL J2000.0+4214,300.0028,42.2371,bcu,0.7376643
4FGL J2000.9+6614,300.2368,66.2476,bcu,1.1907233
4FGL J2001.2+4353,300.3018,43.8862,bll,0.40012282
4FGL J2001.5-0818,300.3754,-8.3162,bcu,0.5399832
4FGL J2003.6+2333,300.9025,23.5634,bcu,1.4108607
4FGL J2009.9+3544,302.4892,35.746,bcu,0.99271816
4FGL J2010.2-2523,302.5571,-25.3945,fsrq,1.3589013
4FGL J2012.0+4629,303.0204,46.488,bll,0.5734306
4FGL J2013.0-3828,303.2686,-38.4768,bcu,0.9749423
4FGL J2015.5+3710,303.8924,37.176,FSRQ,0.9475857
4FGL J2018.5+3852,304.6373,38.8715,bcu,0.6990986
4FGL J2021.4-2048,305.3693,-20.8019,bcu,1.2743558
4FGL J2023.2+3153,305.823,31.8876,bcu,0.66367096
4FGL J2023.4+4127,305.8711,41.4508,bcu,0.70060074
4FGL J2023.8-4828,305.9727,-48.4726,bll,0.41946185
4FGL J2024.8+2734,306.2059,27.5705,bcu,0.34837762
4FGL J2025.3+3341,306.3412,33.6891,bll,1.7804306
4FGL J2026.6+3449,306.6528,34.8291,bcu,0.6293158
4FGL J2029.5+4925,307.375,49.4221,bll,1.0766963
4FGL J2030.8-6959,307.7045,-69.9927,bcu,0.34543294
4FGL J2031.8+1619,307.9534,16.3198,bcu,0.7420911
4FGL J2031.9+2403,307.9785,24.0631,bcu,0.68934494
4FGL J2032.3-5816,308.0859,-58.2792,bcu,0.61072075
4FGL J2035.9+4901,308.9807,49.028,bcu,0.7844576
4FGL J2038.7+5117,309.6938,51.2851,fsrq,1.5215236
4FGL J2039.3+2150,309.833,21.8453,bcu,1.2861923
4FGL J2039.5+5218,309.883,52.3126,bll,0.44315234
4FGL J2040.0+1237,310.0205,12.6179,bcu,0.5455981
4FGL J2042.1+4209,310.546,42.1578,bcu,1.5906578
4FGL J2046.9-0235,311.7472,-2.5867,bcu,1.3484355
4FGL J2047.1-7400,311.7846,-74.0033,fsrq,1.3050632
4FGL J2049.0-4020,312.259,-40.3488,bcu,0.40739587
4FGL J2049.9-2453,312.4825,-24.8854,bcu,0.43228418
4FGL J2053.8+2922,313.4539,29.3693,bll,0.510045
4FGL J2054.5+4731,313.6486,47.5223,bcu,0.5351035
4FGL J2055.1-1028,313.7805,-10.4696,bcu,0.9765337
4FGL J2055.4-0504,313.8694,-5.0822,bll,0.42750353
4FGL J2056.7+4939,314.1913,49.6663,bcu,0.19070385
4FGL J2059.1-4103,314.7811,-41.0644,bcu,1.9789503
4FGL J2100.0+2103,315.0012,21.0615,bcu,0.70920116
4FGL J2102.3+4702,315.5784,47.0422,bcu,1.1967536
4FGL J2103.4-7816,315.8673,-78.2774,bcu,1.2699165
4FGL J2106.7+3549,316.6892,35.8264,bcu,0.95002985
4FGL J2107.1-1453,316.7997,-14.8934,bcu,0.75013
4FGL J2107.9+6006,316.9796,60.1044,bcu,1.2569528
4FGL J2108.0+3655,317.0034,36.9297,bll,0.7326971
4FGL J2108.3-4824,317.0893,-48.4087,bcu,0.83064824
4FGL J2108.7+7532c,317.189,75.5361,bcu,1.3622833
4FGL J2109.7-4109,317.4435,-41.1575,fsrq,0.49758434
4FGL J2110.2-1021c,317.5641,-10.3603,fsrq,1.2889609
4FGL J2112.9-4818,318.2342,-48.3068,bcu,0.9550398
4FGL J2113.9+1120,318.4977,11.3378,bcu,1.5052648
4FGL J2114.7-2538,318.6817,-25.6381,bcu,0.8956352
4FGL J2115.8+6753,318.9543,67.8851,bcu,0.4862318
4FGL J2116.3+1015,319.0755,10.2529,bcu,1.2717185
4FGL J2117.4+6159c,319.3703,61.9923,bcu,1.6903948
4FGL J2118.2+5752,319.5508,57.8703,bcu,1.1004211
4FGL J2118.2-5419,319.5721,-54.3291,bcu,0.34827125
4FGL J2119.4+4652c,319.8665,46.8708,bcu,0.80374146
4FGL J2119.5-4541,319.8817,-45.6947,bcu,0.61666584
4FGL J2120.6-6114,320.161,-61.2396,fsrq,0.9049731
4FGL J2120.7+4428,320.1938,44.4813,bcu,1.3608
4FGL J2127.5+7420,321.8937,74.3375,bcu,1.0093107
4FGL J2127.5-5744,321.8986,-57.7406,bcu,0.5406737
4FGL J2128.7-1940,322.1952,-19.6735,bcu,0.38050133
4FGL J2130.0+2610,322.5079,26.1826,bcu,0.76403344
4FGL J2133.6+8002,323.4049,80.0386,bcu,0.5190695
4FGL J2136.5+4259,324.1411,42.9938,bcu,2.12134
4FGL J2138.3-4933,324.5944,-49.5575,bcu,1.4039236
4FGL J2139.1+3724,324.7882,37.4131,bcu,1.1793125
4FGL J2139.2-2214,324.8211,-22.2461,bcu,0.841092
4FGL J2139.2-2444,324.8232,-24.7454,fsrq,1.0250937
4FGL J2139.9+3910,324.9929,39.1711,bcu,1.2818342
4FGL J2142.1+4501,325.5291,45.0182,bcu,0.54912233
4FGL J2144.8-1817,326.2132,-18.2988,bcu,0.37449434
4FGL J2146.8+0425,326.708,4.4266,bcu,0.6881953
4FGL J2149.1+6104,327.2897,61.0705,bcu,2.0050433
4FGL J2151.4+4156,327.8604,41.9409,bll,0.65688574
4FGL J2151.7-2749,327.9251,-27.8234,fsrq,1.1950556
4FGL J2155.2+2249,328.8129,22.8327,fsrq,1.318362
4FGL J2155.3+6602,328.8341,66.0359,bcu,1.8563057
4FGL J2157.0+1002,329.2659,10.0337,fsrq,1.696016
4FGL J2158.5-7550,329.6348,-75.8359,bcu,0.42276084
4FGL J2200.6+0232,330.1565,2.5362,fsrq,0.7885319
4FGL J2201.0-5907,330.2553,-59.1167,bcu,0.13798554
4FGL J2201.5+2950,330.3958,29.8469,bcu,0.4108201
4FGL J2201.8+5048,330.4532,50.8053,fsrq,1.9521015
4FGL J2201.9-1706,330.4866,-17.1065,bll,0.67741793
4FGL J2202.8-2328,330.7225,-23.472,fsrq,1.9958385
4FGL J2203.6+6751,330.9093,67.8529,bcu,1.3288164
4FGL J2205.0+7432,331.2719,74.5462,bcu,1.1324986
4FGL J2207.0+3607,331.7735,36.1241,bcu,0.5084362
4FGL J2207.2-2122,331.8099,-21.3724,fsrq,1.1614629
4FGL J2208.1-4507,332.0443,-45.1261,bcu,0.3355316
4FGL J2210.5+3623,332.626,36.39,bcu,0.4756432
4FGL J2210.9-0026,332.7469,-0.4471,bll,0.27111503
4FGL J2211.9+0821,332.9864,8.3509,bcu,0.78670025
4FGL J2213.9+5948c,333.4995,59.8056,bcu,0.7189019
4FGL J2215.4+6105,333.8724,61.0863,bcu,1.3974934
4FGL J2221.8+3358,335.4661,33.9753,bcu,0.30779433
4FGL J2222.8+1209,335.7098,12.1568,bcu,1.5011271
4FGL J2223.0+6746,335.7737,67.7729,bcu,0.9768713
4FGL J2223.4+5814,335.8733,58.2385,bcu,1.6175745
4FGL J2224.3+7737,336.0901,77.6201,bcu,1.3397831
4FGL J2226.5+6901c,336.6294,69.0208,bcu,0.2201906
4FGL J2228.0-1918,337.0028,-19.3026,bcu,0.5889023
4FGL J2228.0-4155,337.0038,-41.9324,bcu,0.45516148
4FGL J2229.5+2549,337.3959,25.819,bcu,0.9175266
4FGL J2231.6+2754,337.9043,27.906,bcu,0.33634815
4FGL J2232.3+7616,338.0921,76.267,bcu,0.4012451
4FGL J2232.3+6246,338.0988,62.775,bcu,0.93818986
4FGL J2237.4+5124,339.3732,51.415,bcu,0.42435077
4FGL J2239.5-2440,339.8896,-24.6705,bcu,0.54292357
4FGL J2240.4+5133,340.1126,51.5608,bcu,1.2426709
4FGL J2240.9-1825,340.2383,-18.4319,bcu,1.0883404
4FGL J2241.1-4122,340.2789,-41.3771,bcu,0.63598615
4FGL J2241.5+0454,340.3846,4.9045,bcu,0.23034412
4FGL J2243.5+3220,340.8795,32.3407,bcu,0.43079278
4FGL J2245.8-5609,341.4548,-56.1533,fsrq,0.59111506
4FGL J2246.5-1204,341.6311,-12.0807,fsrq,1.4969975
4FGL J2247.1+4658,341.7781,46.9755,bcu,0.68455267
4FGL J2247.5-3700,341.8965,-37.0043,fsrq,0.7420181
4FGL J2248.7-4302,342.1937,-43.0496,bcu,0.42474657
4FGL J2248.9+2107,342.2469,21.1214,fsrq,0.9354541
4FGL J2249.9+0452,342.4849,4.8692,bcu,0.7284846
4FGL J2250.0-1250,342.5049,-12.8485,bcu,1.2908028
4FGL J2251.2+5550,342.8039,55.8431,bcu,1.133372
4FGL J2252.0+8149,343.0064,81.8194,bcu,1.6161748
4FGL J2255.8-6543,343.9736,-65.7304,fsrq,1.1943641
4FGL J2256.3-3303,344.0839,-33.066,bll,0.33317858
4FGL J2300.7-2645,345.1823,-26.7502,fsrq,0.62487775
4FGL J2301.7+0608,345.4377,6.1457,bcu,1.0628623
4FGL J2305.6-4214,346.4038,-42.2486,bcu,0.71603703
4FGL J2306.6+0940,346.6505,9.6732,bcu,0.8256109
4FGL J2306.8-3036,346.7221,-30.6037,bcu,0.5285387
4FGL J2307.5+8629c,346.8949,86.4961,bcu,1.3976578
4FGL J2307.7+6712,346.9293,67.2152,bcu,0.50284606
4FGL J2308.6-4555,347.1577,-45.9254,bcu,0.750227
4FGL J2310.3-7354,347.5953,-73.9125,bcu,1.4113415
4FGL J2311.8+4541,347.9614,45.6908,fsrq,1.4707636
4FGL J2312.2-6536,348.0628,-65.6042,bcu,1.026427
4FGL J2312.5+7241,348.1396,72.6923,bcu,1.3361363
4FGL J2317.0+3756,349.2678,37.9375,bcu,0.85238117
4FGL J2318.6-1657,349.6605,-16.9562,fsrq,0.75052327
4FGL J2320.8-0823,350.2228,-8.3918,fsrq,1.7326024
4FGL J2321.0+2836,350.258,28.6031,bcu,1.0618721
4FGL J2321.4+5111,350.3654,51.1945,bcu,0.6506917
4FGL J2322.4-2906,350.6197,-29.1077,bcu,0.60560447
4FGL J2322.8-4221,350.7091,-42.3543,bll,0.40302047
4FGL J2325.9+6206c,351.4969,62.1049,bcu,1.8397855
4FGL J2327.8-5626,351.9674,-56.4496,bcu,0.95490664
4FGL J2329.7+6101,352.4343,61.0239,bcu,0.4311561
4FGL J2330.4+1230,352.6212,12.5132,bcu,1.0756487
4FGL J2331.2-3839,352.8239,-38.6649,bcu,0.42505014
4FGL J2333.4-0133,353.3699,-1.5533,fsrq,1.0186704
4FGL J2333.9-2343,353.4912,-23.7197,bcu,0.96284825
4FGL J2334.0-2528,353.515,-25.4767,bcu,1.1988144
4FGL J2335.9-5811,353.981,-58.1865,bcu,0.2444573
4FGL J2336.2-3136,354.0502,-31.6081,bcu,0.666708
4FGL J2336.9-5859,354.2485,-58.988,bcu,1.3544859
4FGL J2343.9+1539,355.983,15.6645,fsrq,1.2712463
4FGL J2345.9+3413,356.4893,34.2279,bcu,0.29348075
4FGL J2347.0+5141,356.7659,51.6966,bll,0.22280382
4FGL J2347.9+5436,356.9809,54.6065,bcu,0.512529
4FGL J2348.1-4934,357.0372,-49.57,bcu,0.86987966
4FGL J2348.3-6049,357.0883,-60.8202,bcu,0.43665567
4FGL J2348.6-0426,357.1508,-4.4394,fsrq,1.2504827
4FGL J2350.4-0559,357.6025,-5.9923,bll,0.37317953
4FGL J2350.9-1416,357.7469,-14.2756,bcu,0.66575885
4FGL J2351.7-3416,357.928,-34.2676,bcu,1.3952951
4FGL J2352.1-4301,358.0493,-43.0168,bcu,0.9626849
4FGL J2353.5+6646,358.3926,66.7697,bcu,1.1916968
4FGL J2358.4+6547,359.6119,65.7837,bcu,1.1522987
4FGL J2359.2-3134,359.8167,-31.5832,fsrq,1.2685071
4FGL J2359.3+0215,359.8329,2.2603,bcu,0.3123851
4FGL J2359.7-5041,359.9365,-50.6853,bcu,1.297246
4FGL J2359.9+3145,359.9908,31.7601,bcu,0.38162538
